song_name,artist_name,song_id,analysis_sample_rate,danceability,energy,key,loudness,mode,speechiness,acousticness,instrumentalness,liveness,valence,bpm,duration,time_signature,genre
Cross Road Blues,Robert Johnson,1TrGdXSgiBm8W68D2K1COG,22050,0.675,0.311,9,-11.959,1,0.0525,0.93,0.000261,0.102,0.638,97.159,149.56,4,Blues
I Can't Quit You Baby,Willie Dixon,2PcbVKT28p9mOlWBDL371J,22050,0.469,0.236,7,-16.981,1,0.0364,0.407,0.0434,0.215,0.415,82.232,399.173,4,Blues
Red House,Jimi Hendrix,3XxBSvDZKH5YvZZjTpn6eR,22050,0.277,0.479,5,-8.483,0,0.0495,0.585,0.0224,0.16,0.483,53.905,230.36,4,Blues
Sweet Home Chicago,Robert Johnson,2wPHe2ecCdkT0ly0km12g4,22050,0.691,0.0958,1,-13.9,0,0.143,0.98,1.61e-05,0.0931,0.519,101.574,176.627,4,Blues
I'm Your Hoochie Coochie Man,Muddy Waters,3KSchPNSklO5McIqRH3qYX,22050,0.542,0.588,2,-9.268,1,0.0665,0.67,0.158,0.241,0.881,113.948,238.533,3,Blues
Texas Flood,Stevie Ray Vaughan,5MtN38MGEWJt60LwtBmFNP,22050,0.256,0.423,6,-11.994,1,0.035,0.000788,0.402,0.25,0.441,173.27,320.907,3,Blues
Dust My Broom,Elmore James,1mbD2setZsn2n4U6xs3Dxg,22050,0.627,0.334,2,-13.163,1,0.0387,0.775,0.00391,0.161,0.843,87.115,179.76,4,Blues
Got My Mojo Working,Muddy Waters,65VzqBb5ogD2xIFD8jetMG,22050,0.519,0.779,4,-9.159,1,0.0648,0.573,8.13e-05,0.286,0.888,113.487,173.04,4,Blues
Mannish Boy,Muddy Waters,58PSYdY0GFg0LFb2PxYk4T,22050,0.598,0.735,2,-10.882,1,0.0973,0.44,0.000215,0.681,0.615,111.129,321.133,3,Blues
Hoochie Coochie Man - Live,Muddy Waters,4789JLZ8VZBD3NoEcpOrSi,22050,0.584,0.399,2,-10.115,0,0.0811,0.787,0.0673,0.702,0.699,105.946,228.0,3,Blues
Back Door Man,Howlin' Wolf,10HdfEE0sausAJu8HJD3Dp,22050,0.528,0.592,9,-14.041,0,0.0621,0.747,1.13e-06,0.203,0.925,156.623,173.533,4,Blues
I'm A King Bee,Slim Harpo,2DbjWyRtXmbOGyN1C1Kdbp,22050,0.712,0.58,10,-7.233,0,0.0263,0.401,0.000271,0.166,0.887,112.692,182.44,4,Blues
Reconsider Baby,Lowell Fulson,65JvAtDMWtNIjDCDOLeJ2A,22050,0.693,0.518,0,-10.984,1,0.0534,0.764,0.000782,0.057,0.688,95.258,189.467,4,Blues
The Sky is Crying,Elmore James,2VGKu8vqrtj0ca62khiu38,22050,0.296,0.6,2,-6.235,1,0.0343,0.03,0.582,0.12,0.592,177.278,166.4,3,Blues
Mystery Train - Remastered 2022,Little Junior Parker,5lgo86IFpVmZkP2tllm5eX,22050,0.473,0.318,1,-10.914,1,0.0296,0.699,0.000226,0.114,0.554,95.841,144.4,4,Blues
Third Degree,Eddie Boyd,1BvodgaabKhnVAtPupegxk,22050,0.569,0.126,2,-11.884,1,0.0471,0.934,7.59e-05,0.073,0.205,135.229,281.867,3,Blues
Broke Down Engine Blues,Blind Willie McTell,3pv4AWo4JMFi00CrvOfbOo,22050,0.653,0.19,3,-14.269,0,0.065,0.953,2.12e-06,0.138,0.671,113.6,165.027,3,Blues
Statesboro Blues,Blind Willie McTell,2T3YfMI0xRk93bmVMuJcKu,22050,0.496,0.285,6,-8.06,1,0.0831,0.974,0.00098,0.106,0.412,61.177,152.853,4,Blues
Hellhound on My Trail,Robert Johnson,2KkJj006V93x8d9dXpgmIg,22050,0.546,0.169,6,-13.852,0,0.0377,0.976,3.15e-05,0.133,0.549,96.297,154.467,4,Blues
Boom Boom,John Lee Hooker,2Mr1bGI2E10K7Mt1UJZ6Mw,22050,0.441,0.455,10,-14.207,1,0.0485,0.62,0.00187,0.135,0.918,160.9,152.351,4,Blues
Rollin' Stone,Muddy Waters,61K6lqGyrl2Aerk0LjAZem,22050,0.629,0.0192,4,-19.952,1,0.0833,0.989,4.3e-05,0.106,0.335,169.254,188.16,4,Blues
Wang Dang Doodle,Koko Taylor,1cXc92MX9kFjMrrDsvdf9w,22050,0.648,0.544,1,-8.963,1,0.179,0.343,2.93e-06,0.087,0.619,153.063,182.827,4,Blues
I'd Rather Go Blind,Etta James,1kPBT8S2wJFNAyBMnGVZgL,22050,0.477,0.433,11,-6.473,0,0.0247,0.689,0.000195,0.151,0.611,82.52,156.653,3,Blues
Big Boss Man,Jimmy Reed,7LhYCokNBDYsVF0A0x95Pc,22050,0.706,0.473,9,-12.673,1,0.0298,0.492,0.00627,0.0832,0.92,78.11,170.319,4,Blues
Little Red Rooster,Howlin' Wolf,22o1qy3iZ7CyXUdK6BIf2n,22050,0.546,0.185,9,-18.752,1,0.0409,0.761,1.1e-06,0.218,0.682,69.028,149.4,4,Blues
Black Snake Moan,Blind Lemon Jefferson,4yIetWIOrL4UknXPogikEg,22050,0.579,0.25,11,-10.824,1,0.0511,0.99,0.028,0.135,0.443,145.054,170.027,4,Blues
The Same Thing,Willie Dixon,5pa4GlLYWi9gEUmggc4KNy,22050,0.439,0.346,9,-17.635,1,0.0533,0.501,0.00144,0.428,0.803,49.194,280.497,4,Blues
St. James Infirmary Blues,The White Stripes,0ujFmyKkSXQnlVMBz4plMM,22050,0.585,0.857,5,-4.409,0,0.0393,0.58,0.601,0.215,0.624,118.861,144.267,4,Blues
Blues Before Sunrise,Leroy Carr,11xvtaU0jhu8kZui0TdGNj,22050,0.709,0.244,8,-10.693,1,0.0421,0.86,0,0.0827,0.477,75.731,210.587,4,Blues
See That My Grave is Kept Clean,Blind Lemon Jefferson,4brPSVo6F4X8X3OaCeAVR8,22050,0.39,0.184,3,-12.308,1,0.0412,0.99,0.000399,0.125,0.407,180.061,175.36,4,Blues
Death Letter Blues,Son House,0W0euvQlhbcsTydzsD4EQk,22050,0.803,0.288,7,-15.418,0,0.0629,0.865,0.0593,0.0833,0.865,115.685,259.16,4,Blues
Catfish Blues,Robert Petway,2keoEzk1hbZD5fw3SHJ0H3,22050,0.603,0.42,1,-12.86,1,0.0564,0.978,0.0198,0.103,0.851,184.247,175.453,4,Blues
Stormy Monday Blues - Remastered 2022,T-Bone Walker,0E5L3ZvZD3cGCesbYuAtnY,22050,0.71,0.823,7,-7.474,1,0.0372,0.186,0.17,0.0963,0.915,112.147,171.747,4,Blues
The Thrill Is Gone,B.B. King,4NQfrmGs9iQXVQI9IpRhjM,22050,0.547,0.46,11,-8.759,0,0.0256,0.344,0.442,0.0983,0.543,90.768,324.733,4,Blues
Baby Please Don't Go,Big Joe Williams,1vjHFgIdNuLXojpkzysoV8,22050,0.499,0.302,7,-15.15,1,0.0495,0.752,0.0266,0.129,0.564,167.075,164.507,4,Blues
Killing Floor,Howlin' Wolf,1a8vVeidOsauNu6rQmHBRS,22050,0.721,0.62,9,-9.775,1,0.0326,0.379,4.31e-05,0.344,0.644,118.696,172.827,4,Blues
THE THRILL IS GONE (Roy Hawkins / Rick Yawn),MORBLUS - Funky Blues Band,44vcd41k0qeCbhYzCkQXGv,22050,0.558,0.712,9,-10.148,0,0.049,0.361,0.00329,0.982,0.291,109.535,466.489,4,Blues
Little Wing,Jimi Hendrix,1Eolhana7nKHYpcYpdVcT5,22050,0.515,0.534,6,-8.045,1,0.0768,0.181,0.00278,0.0547,0.426,70.776,145.747,4,Blues
Peach Tree - Mono Version,Sonny Boy Williamson II,5K78KRl57O0mzqj4Ea722D,22050,0.541,0.73,7,-6.564,1,0.13,0.753,1.68e-06,0.351,0.857,165.387,157.0,4,Blues
Blues After Hours,Pinetop Perkins,2lGPaTIdogaYrDRZyeo00c,22050,0.488,0.366,7,-9.81,1,0.0646,0.832,0.0519,0.241,0.381,174.12,452.16,3,Blues
Boom Boom Out Go The Lights,Billy Branch,3rXMEO0LyulQqpLwMzaCkd,22050,0.539,0.561,9,-7.085,1,0.0304,0.456,0.015,0.325,0.924,73.518,218.867,4,Blues
Trouble in Mind,Larkin Poe,0e3ElMapLJIe0uIchrFVBt,22050,0.547,0.972,11,-4.581,0,0.0893,1.82e-05,0.00295,0.238,0.392,121.03,222.733,4,Blues
Call It Stormy Monday,B.B. King,74ebjC30zYX1M8OTuojNyE,22050,0.456,0.538,0,-10.485,1,0.0352,0.135,0,0.238,0.306,100.356,437.667,3,Blues
Hollywood Bed (Cherry Red Blues),Big Joe Turner,1DA9tIonu4u81QIGYQF2pZ,22050,0.612,0.285,2,-8.809,1,0.0402,0.496,4.37e-05,0.0298,0.414,94.619,166.24,4,Blues
Don't Throw Your Love On Me So Strong,Albert King,197OKxzLtow0TuEGR5HTg6,22050,0.49,0.607,2,-7.435,1,0.0272,0.275,4.55e-06,0.0609,0.865,109.826,174.173,3,Blues
Down Home Blues,Z.Z. Hill,5ZBnVHVp7PyuQzlAJXoHQ9,22050,0.779,0.428,0,-14.431,1,0.0494,0.0528,0.00582,0.0733,0.736,123.697,315.093,1,Blues
"Honey, Hush aka Talking Woman Blues",Albert Collins,5qPJSWhuZpD79C3CloJvDA,22050,0.862,0.707,0,-6.742,1,0.0324,0.0947,0.00665,0.124,0.863,122.21,268.16,4,Blues
I'm Tore Down,Freddie King,2Qj1FilGsXITZbFVmVeoLy,22050,0.64,0.496,2,-11.124,1,0.0413,0.616,4.63e-05,0.183,0.954,116.632,253.333,4,Blues
It Hurts Me Too,Elmore James,7egQm3o9Qem3FhzUNi66rI,22050,0.623,0.623,11,-8.403,0,0.0392,0.848,0.00114,0.0572,0.604,89.031,200.24,3,Blues
Juke,Little Walter,57W5o6ojTFtydDMZ0mDDB3,22050,0.566,0.657,4,-10.33,1,0.0693,0.751,0.896,0.156,0.643,145.359,164.893,4,Blues
"Adagio for Strings, Op. 11",Samuel Barber,7nHvS6UUhz2gJhj8TIROLX,22050,0.115,0.0858,10,-20.432,0,0.0447,0.912,0.9,0.0906,0.0296,89.296,596.227,3,Classical
Canon in D Major (Arr. Robert Schultz),Johann Pachelbel,4nXMiwWi9tmREdyz4iqSZc,22050,0.395,0.192,2,-17.514,1,0.0604,0.994,0.931,0.104,0.24,73.135,239.547,4,Classical
"The Four Seasons - Spring in E Major, RV. 269: I. Allegro",Antonio Vivaldi,4jOlYUMMsCacMm3xcrYRLl,22050,0.491,0.142,4,-17.265,1,0.0361,0.764,0.74,0.248,0.234,112.295,202.387,4,Classical
"Ave Maria, D. 839",Franz Schubert,4JsMpgsep6XpuHSzKCTxCz,22050,0.12,0.138,10,-15.538,1,0.048,0.994,0.686,0.11,0.043,67.891,256.573,4,Classical
"Requiem in D Minor, K. 626: Sequence: VI. Lacrimosa dies illa",Wolfgang Amadeus Mozart,5p3xMIHQ6YoAIaSgZeOkNa,22050,0.069,0.101,2,-23.487,0,0.0407,0.961,0.795,0.444,0.0707,74.782,199.84,4,Classical
"Toccata and Fugue in D Minor, BWV 565: I. Toccata",Johann Sebastian Bach,4HE2Ex0bjbj3YNXmV01OoM,22050,0.303,0.158,2,-15.529,0,0.0417,0.705,0.259,0.239,0.108,83.546,150.8,4,Classical
The Nutcracker Suite,Pyotr Ilyich Tchaikovsky,6XA3w8yEZ8Udpzvo9nRQjw,22050,0.188,0.393,4,-6.102,0,0.0361,0.946,0.819,0.0969,0.0777,143.218,257.04,3,Classical
"Serenade No. 13 in G Major, K. 525, ""Eine kleine Nachtmusik"": II. Romanze: Andante",Wolfgang Amadeus Mozart,7JAX6pO5DuIXQC68mCO6H8,22050,0.323,0.0346,0,-22.295,1,0.0444,0.937,0.828,0.097,0.211,143.341,363.973,4,Classical
Albinoni: Adagio in G Minor (Excerpt),Tomaso Albinoni,5kl4Y5XymsUCl98GM7dgab,22050,0.14,0.097,0,-20.278,0,0.0427,0.692,0.784,0.107,0.0375,89.583,353.36,3,Classical
The Barber of Seville: Overture,Gioachino Rossini,3PGPfeQTaZgHnmofWYBHSW,22050,0.324,0.218,4,-16.495,1,0.0592,0.936,0.684,0.249,0.535,174.556,453.067,4,Classical
"Swan Lake (Suite), Op. 20a, TH. 219: I. Scene - Swan Theme",Pyotr Ilyich Tchaikovsky,1TQ2UYCN7nhfj3cfcFC76V,22050,0.126,0.204,4,-16.095,0,0.0373,0.924,0.918,0.115,0.053,73.59,183.0,4,Classical
Miserere,Gregorio Allegri,2ED1VZ53iRImo252U2PEsu,22050,0.15,0.037,7,-26.859,0,0.046,0.974,0.00266,0.123,0.0356,73.132,719.133,4,Classical
Walkürenritt (Ride of the Valkyries),Richard Wagner,0Ms6Qt4qlD36LO3j01LpYb,22050,0.283,0.428,7,-8.819,1,0.0427,0.912,0.0025,0.106,0.159,90.575,316.027,3,Classical
"Messiah, HWV 56, Part I: Pastoral Symphony, ""Pifa"" (arr. L. Stokowski)",George Frideric Handel,2WuYYACpbXgn41VaPN3IYs,22050,0.107,0.0329,0,-29.429,1,0.0389,0.962,0.868,0.0932,0.0377,91.64,227.013,4,Classical
Turandot: Nessun dorma!,Giacomo Puccini,6daucNdQarYbFvQ1jOlreX,22050,0.196,0.0209,0,-19.966,1,0.0358,0.989,0.928,0.116,0.0397,68.923,134.507,3,Classical
"The Magic Flute, K. 620: Overture",Wolfgang Amadeus Mozart,2XRZPj0hi4P5rEfkXPcnmT,22050,0.31,0.115,3,-19.629,1,0.0433,0.969,0.751,0.133,0.103,90.128,401.4,4,Classical
Carmen Suite No. 1 (Arr. E. Guiraud): IV. Séguedille,Georges Bizet,6IuHbYWV49tArCbHBgMHl7,22050,0.248,0.00674,2,-36.547,1,0.0417,0.952,0.271,0.155,0.185,176.236,121.933,3,Classical
Orpheus in the Underworld: Cancan,Jacques Offenbach,4TfcKKlUE3QDGoHbeCcN3u,22050,0.373,0.573,2,-17.97,1,0.154,0.666,0.00569,0.663,0.543,151.722,161.747,4,Classical
La traviata / Act I: Libiamo ne'lieti calici,Giuseppe Verdi,41ujv4mhxlqR8nlnieDpDp,22050,0.424,0.214,10,-17.688,1,0.0763,0.962,2.9e-05,0.681,0.282,113.211,175.507,4,Classical
"An der schönen blauen Donau, Op. 314",Johann Strauss II,4J0e4gEqaLQlG5EM0wws1K,22050,0.233,0.0252,2,-24.824,1,0.0346,0.975,0.601,0.143,0.0936,94.736,707.173,4,Classical
Requiem: II. Dies Irae,Giuseppe Verdi,4UVwbnxKEzPGOuAtSEt2ic,22050,0.328,0.184,0,-19.244,0,0.0316,0.905,0.406,0.0961,0.199,80.523,137.16,4,Classical
"Cello Suite No. 1 in G Major, BWV 1007: I. Prélude",Johann Sebastian Bach,61dYvvfIRtIDFuqZypPAta,22050,0.257,0.109,7,-21.356,1,0.0597,0.9,0.867,0.0762,0.307,75.02,151.48,4,Classical
"Herz und Mund und Tat und Leben, Cantata BWV 147: Jesu, Joy of Man’s Desiring (Transcr. Hess for Piano)",Johann Sebastian Bach,2zl2AqEdHVLhjzStuRulGY,22050,0.351,0.0241,7,-33.197,1,0.0538,0.995,0.925,0.131,0.179,81.805,258.519,4,Classical
"Nocturne No. 2 in E-Flat Major, Op. 9 No. 2",Frédéric Chopin,1VNvsvEsUpuUCbHpVop1vo,22050,0.442,0.00919,3,-32.452,1,0.047,0.984,0.936,0.0873,0.0929,79.314,273.667,4,Classical
Eine Alpensinfonie: X. Nacht,Richard Strauss,2MdE9SXTf3B7xVTziq8mbY,22050,0.117,0.00151,10,-44.599,0,0.0414,0.941,0.968,0.146,0.0353,85.502,142.88,4,Classical
Waltz Of The Flowers From The Nutcracker,Pyotr Ilyich Tchaikovsky,2EM3z870MwvKASPO23MeUB,22050,0.284,0.128,2,-17.745,1,0.0347,0.967,0.832,0.0535,0.114,96.321,424.307,4,Classical
"Violin Concerto in D Major, Op. 61: II. Larghetto",Ludwig van Beethoven,4BWs1bcs60wjW56SyoHjQi,22050,0.209,0.0402,7,-27.175,1,0.047,0.931,0.0588,0.0869,0.0514,95.939,486.0,4,Classical
"Piano Concerto No. 21 in C Major, K. 467: II. Andante",Wolfgang Amadeus Mozart,429GaRIWKJ3EU1GAQPbLcr,22050,0.137,0.0311,5,-28.208,1,0.0381,0.982,0.972,0.0908,0.063,179.223,433.667,3,Classical
"Mozart: Clarinet Concerto in A Major, K. 622: II. Adagio",Wolfgang Amadeus Mozart,2fYOyayT80ysO3nxw9lKXn,22050,0.15,0.0115,2,-26.636,1,0.0425,0.976,0.191,0.0836,0.0955,101.769,394.56,3,Classical
"Symphony No. 9 in E Minor, Op. 95 ""From the New World"": II. Largo - Live",Antonín Dvořák,3jLcwFns5S9OYQojN8XAkJ,22050,0.154,0.00261,1,-36.267,1,0.0419,0.89,0.763,0.125,0.0366,83.549,775.307,4,Classical
Méditation from Thaïs,Jules Massenet,0XfFRLi9G87t57kqZAzeef,22050,0.114,0.0701,4,-23.417,0,0.0445,0.87,0.431,0.0916,0.0371,89.33,331.933,1,Classical
Peer Gynt Suite No.1 op. 46 Morning (Allegro pastorale),Academy of St. Martin in the Fields,3kBtqDJvBkxnmuxo5cQlkj,22050,0.166,0.0171,4,-23.719,1,0.0396,0.985,0.941,0.123,0.0361,68.23,259.573,3,Classical
"The Planets, Op. 32: 4. Jupiter, the Bringer of Jollity",Gustav Holst,59Id4KrBWiizuq53doxWtp,22050,0.3,0.297,7,-14.937,0,0.037,0.924,0.925,0.314,0.279,139.855,456.0,4,Classical
"Symphony No. 40 in G Minor, K. 550: I. Molto allegro",Wolfgang Amadeus Mozart,2fC30Rt5tFa6FA2jNb4fiz,22050,0.327,0.332,7,-12.971,0,0.0404,0.877,0.751,0.129,0.285,118.85,435.16,4,Classical
"Symphony No. 5 in C Minor, Op. 67: I. Allegro con brio",Ludwig van Beethoven,2ygeBLTP9uu3OW3VTulD8N,22050,0.25,0.318,0,-15.605,0,0.0411,0.956,0.897,0.0976,0.188,98.171,442.0,4,Classical
Pictures At An Exhibition: Promenade,Modest Mussorgsky,17i7Yj4HTQWBs8ums2ldX8,22050,0.126,0.00239,8,-39.715,1,0.0426,0.981,0.433,0.139,0.0938,87.034,67.24,4,Classical
"Symphony No. 9 in D Minor, Op. 125 ""Choral"": I. Allegro ma non troppo, un poco maestoso",Ludwig van Beethoven,49Qt4XTMqTGt9rsFaKZybS,22050,0.239,0.0594,10,-21.904,1,0.0363,0.946,0.757,0.0648,0.0907,140.749,1001.613,4,Classical
"Brandenburg Concerto No. 3 in G Major, BWV 1048: I. [Allegro]",Johann Sebastian Bach,4tXktBBrKGTebkYjvzFA3i,22050,0.567,0.369,6,-14.772,1,0.041,0.879,0.00478,0.126,0.891,101.105,332.32,4,Classical
O Fortuna from Carmina Burana - Vocal,Carl Orff,0V9YfDRxcA8qz2An0o96mz,22050,0.319,0.257,10,-18.167,1,0.0334,0.742,0.48,0.109,0.65,138.726,158.221,3,Classical
"Adagietto (From ""Symphony No. 5 in C-Sharp Minor"") [Live]",Gustav Mahler,7p5NYxs2LzmRFdlAt2kJGm,22050,0.162,0.308,5,-14.315,1,0.0453,0.929,0.633,0.106,0.045,83.372,762.84,4,Classical
Rhapsody in Blue,George Gershwin,7oB0QBEnGRIJjvlDc8YnM6,22050,0.305,0.184,9,-18.342,1,0.0409,0.969,0.781,0.132,0.0771,70.813,987.267,4,Classical
"Hungarian Rhapsody No. 2 in C-Sharp Minor, S. 244/2",Franz Liszt,7CIoJE0JfVFcmmUY3fFojH,22050,0.347,0.326,1,-15.347,1,0.0561,0.987,0.887,0.784,0.167,79.416,541.6,4,Classical
"Danse macabre in G Minor, Op. 40",Camille Saint-Saëns,1IM8x4lxZVOOP9gpQD6c5s,22050,0.442,0.181,7,-20.419,0,0.0443,0.906,0.656,0.0598,0.172,115.884,432.133,4,Classical
"Die Walküre, WWV 86B - Concert version / Dritter Aufzug: The Ride of the Valkyries",Richard Wagner,63ZSow0dnUhOr175IbNZa2,22050,0.235,0.365,7,-13.863,1,0.0356,0.927,0.907,0.17,0.126,91.187,183.667,3,Classical
"Sonata No. 14 ""Moonlight"" in C-Sharp Minor"", Op. 27 No. 2: I. Adagio sostenuto",Ludwig van Beethoven,3DNRdudZ2SstnDCVKFdXxG,22050,0.184,0.00527,1,-37.264,0,0.0432,0.995,0.887,0.173,0.151,170.612,315.427,3,Classical
"Boléro, M. 81",Maurice Ravel,418dTwOTWCJ8M113A6O6sP,22050,0.294,0.237,0,-19.088,1,0.043,0.678,0.811,0.0606,0.266,134.451,903.48,4,Classical
"Symphony No. 7 in A, Op. 92: 2. Allegretto",Ludwig van Beethoven,7zZYnegwVYSsoqCdtSswfi,22050,0.176,0.0622,4,-19.941,0,0.042,0.833,0.624,0.145,0.0655,63.149,509.173,4,Classical
"Prelude a l'apres-midi d'un faune, L. 86",Claude Debussy,4eY2bxGE2ykwefZ3adjetE,22050,0.0709,0.0155,1,-32.939,1,0.0435,0.949,0.785,0.0924,0.0315,76.646,705.512,3,Classical
Symphony No. 5 In C Sharp Minor: IV. Adagietto. Sehr langsam,Gustav Mahler,1FDMJ0sheMse5ELss1p7s0,22050,0.0889,0.00849,5,-33.111,1,0.0453,0.832,0.815,0.12,0.034,86.682,659.0,4,Classical
"Rhapsody on a Theme of Paganini, Op. 43: Variation No. 18 Andante cantabile",Sergei Rachmaninoff,5xcYuTciYwyCDPkOgYBAYz,22050,0.205,0.0525,1,-23.841,1,0.0327,0.98,0.906,0.103,0.0511,88.316,174.653,4,Classical
Forever After All,Luke Combs,6IBcOGPsniK3Pso1wHIhew,22050,0.487,0.65,0,-5.195,1,0.0253,0.191,0,0.0933,0.456,151.964,232.533,4,Country
The Good Ones,Gabby Barrett,3hLuHKzG1cmlRpq53ZVWd8,22050,0.519,0.552,2,-5.023,1,0.0259,0.18,0,0.149,0.331,89.957,215.141,4,Country
Settling Down,Miranda Lambert,53bZYxVbCYm6w1Gx8U64bz,22050,0.643,0.756,6,-5.8,0,0.0305,0.0215,0.000268,0.101,0.934,90.001,197.453,4,Country
One Margarita,Luke Bryan,1Y3TlYJNhIa7k4YAvFkJAB,22050,0.641,0.842,9,-4.872,1,0.0464,0.0969,0,0.169,0.738,89.997,193.427,4,Country
Minimum Wage,Blake Shelton,0Lavu1rppGgXfiK27cAMyU,22050,0.551,0.941,4,-3.793,1,0.0683,0.00179,0,0.066,0.744,90.039,228.267,4,Country
Who I Am,Jessica Andrews,0rK4HCKzv2r1IXqKX3DKpq,22050,0.463,0.674,7,-5.422,1,0.0319,0.0115,0,0.123,0.259,84.039,255.234,4,Country
Starting Over,Chris Stapleton,3K07bGe8iljQ3mOKArHLDo,22050,0.638,0.538,10,-8.445,1,0.0315,0.452,0.000415,0.0695,0.318,89.124,240.413,4,Country
Long Live,Florida Georgia Line,0YfRAYTNTNszGg8VARrSIH,22050,0.611,0.846,7,-3.548,1,0.0374,0.178,0,0.12,0.544,129.961,153.253,4,Country
Somebody Like That,Tenille Arts,3hboOw4dS0aXGuP0fyyvbC,22050,0.574,0.798,6,-5.356,1,0.0485,0.0152,0,0.111,0.58,105.034,198.209,4,Country
More Than My Hometown,Morgan Wallen,5OELUCYgOHKFAvCERnAvfS,22050,0.62,0.869,6,-5.479,1,0.0462,0.615,0,0.131,0.597,126.019,216.573,4,Country
"Wine, Beer, Whiskey",Little Big Town,5avVDmK9FVJpd3MDO8I3Zl,22050,0.727,0.914,7,-5.85,1,0.0743,0.617,0,0.596,0.784,106.021,196.16,4,Country
Made For You,Jake Owen,7vF3xkCMvZjAe2nTWY0uQZ,22050,0.581,0.441,1,-6.829,1,0.0268,0.77,2.75e-05,0.111,0.337,82.125,238.4,4,Country
Chasing After You,Ryan Hurd,3MkXV52jXtsG4pvKp4cGE8,22050,0.601,0.675,4,-6.358,1,0.0399,0.698,0,0.125,0.446,131.933,207.667,4,Country
Lady,Brett Young,2fSuoIlA1uTERXunbshSWh,22050,0.403,0.516,7,-7.983,1,0.0343,0.449,1.26e-05,0.0937,0.428,170.015,194.293,4,Country
The Bones,Maren Morris,7yFhA2fUsL2oIMWlw5DaHQ,22050,0.612,0.57,11,-6.642,0,0.0347,0.278,0,0.0963,0.334,77.004,197.293,4,Country
Drunk (And I Don't Wanna Go Home),Elle King,0QULNNd9z5s35entfiiXoa,22050,0.612,0.884,5,-4.4,1,0.0459,0.00516,0,0.0997,0.626,119.991,245.626,4,Country
Breaking Up Was Easy In The 90's,Sam Hunt,4sf2L157iEgAR7yrCNLgSq,22050,0.562,0.649,9,-5.4,1,0.0494,0.231,0,0.341,0.376,145.913,215.933,4,Country
Beers And Sunshine,Darius Rucker,36ISlLb12gKuCCVTYXC0gb,22050,0.57,0.645,5,-5.816,1,0.0304,0.134,0,0.147,0.677,81.084,178.279,4,Country
Better Together,Luke Combs,6gdLyYNuhWBzqwlOFSsXC7,22050,0.552,0.225,0,-11.501,1,0.0477,0.827,0,0.111,0.67,138.002,219.573,4,Country
I Hope You’re Happy Now,Carly Pearce,0Al3wN3keprGTSgG8NBwjr,22050,0.591,0.815,10,-4.725,1,0.0366,0.168,8.68e-06,0.142,0.306,118.024,198.689,4,Country
All My Favorite People (feat. Brothers Osborne),Maren Morris,0tEPv5fuzMhtm6NM5GvQiF,22050,0.422,0.919,4,-4.0,1,0.0639,0.0327,0.000605,0.33,0.553,83.867,199.787,4,Country
Tequila Little Time,Jon Pardi,15npbUjCgwt2lRvyrJvyxw,22050,0.757,0.705,2,-5.084,1,0.0252,0.0375,5.8e-06,0.114,0.855,104.972,207.161,4,Country
Whiskey Glasses,Morgan Wallen,6foY66mWZN0pSRjZ408c00,22050,0.614,0.68,6,-4.58,1,0.0289,0.369,1.84e-06,0.115,0.707,149.959,234.347,4,Country
Heartless (feat. Morgan Wallen),Diplo,3FU6urUVsgXa6RBuV2PdRk,22050,0.765,0.556,11,-6.417,1,0.0512,0.275,0,0.0824,0.274,111.033,169.227,4,Country
One Night Standards,Ashley McBryde,47qZzTLLJcuD69AIKnquo4,22050,0.537,0.686,5,-5.022,1,0.0293,0.0287,0.00709,0.0988,0.611,78.052,190.973,4,Country
Hard To Forget,Sam Hunt,10xuH52YSXHWFwCaF1fsDd,22050,0.689,0.689,4,-5.517,1,0.045,0.23,0,0.57,0.664,130.069,204.76,4,Country
To a T,Ryan Hurd,7uEb5EauA2QnDcPQHYcxIF,22050,0.687,0.641,11,-5.814,1,0.03,0.17,0,0.111,0.663,120.036,178.813,4,Country
You Time,Scotty McCreery,3yFsyy1hw7v31NBrRJX2QM,22050,0.55,0.767,9,-6.281,1,0.0248,0.00141,3.07e-06,0.143,0.601,104.016,192.027,3,Country
She Drives Me Crazy,Brett Kissel,63UYClrH1e1B4WTmEFZbiV,22050,0.616,0.82,1,-4.427,1,0.0396,0.0213,0,0.121,0.642,115.996,183.08,4,Country
Almost Maybes,Jordan Davis,1BVzLiBS3MWmXzqcxBFJDt,22050,0.476,0.864,11,-4.025,1,0.0946,0.156,0,0.0982,0.53,180.316,179.187,4,Country
Before He Cheats,Carrie Underwood,0ZUo4YjG4saFnEJhdWp9Bt,22050,0.519,0.749,6,-3.318,0,0.0405,0.271,0,0.119,0.29,147.905,199.947,4,Country
Chicken Fried,Zac Brown Band,0LQtEJt7x0s6knb6RKdRYc,22050,0.566,0.713,6,-4.25,1,0.0418,0.645,0,0.114,0.805,169.861,238.147,4,Country
Need You Now,Lady A,11EX5yhxr9Ihl3IN1asrfK,22050,0.587,0.622,4,-5.535,1,0.0303,0.0927,0.000636,0.2,0.231,107.943,277.573,4,Country
Alright,Darius Rucker,5JlH51YDYsGj2dyEJKKjcN,22050,0.601,0.806,7,-4.579,1,0.0345,0.0527,0,0.185,0.711,89.87,231.92,4,Country
The Baby,Blake Shelton,3ABB9ZDbKhAH5iBYp4bE4x,22050,0.502,0.533,4,-6.983,1,0.0263,0.312,0,0.277,0.281,86.406,234.733,4,Country
Summertime,Kenny Chesney,3cE5ltZFHmBpiS77itKaOM,22050,0.48,0.928,4,-5.501,1,0.0899,0.169,0,0.0479,0.713,167.986,206.587,4,Country
Live Like You Were Dying,Tim McGraw,7B1QliUMZv7gSTUGAfMRRD,22050,0.416,0.546,7,-7.728,1,0.0297,0.492,0,0.0845,0.418,159.929,300.333,4,Country
Days Go By,Keith Urban,2jwaErbghhcia4JqUYWz3g,22050,0.589,0.892,2,-3.197,1,0.0365,0.0633,0,0.149,0.76,131.951,224.63,4,Country
She Won't Be Lonely Long,Clay Walker,0158TMiGmHyibaDeaUKayX,22050,0.635,0.758,7,-5.772,1,0.0243,0.00643,0,0.229,0.322,113.002,209.253,4,Country
People Are Crazy,Billy Currington,5JnLiuMgRAWoHYOhatFP3s,22050,0.651,0.699,5,-5.006,1,0.0265,0.213,0.000265,0.12,0.36,141.938,231.36,4,Country
In Color,Jamey Johnson,7CNd7rjfVt74TFlcOcnZgN,22050,0.544,0.404,3,-8.751,1,0.0354,0.391,3.98e-06,0.157,0.251,129.518,290.68,4,Country
Big Deal,LeAnn Rimes,0rzXtJ0DE4wTbSeOfBhp1F,22050,0.498,0.806,2,-5.297,1,0.0394,0.00472,0,0.127,0.677,151.781,188.267,4,Country
Mud on the Tires,Brad Paisley,4AQWKGBWTR7fVuUKxi5sKE,22050,0.445,0.744,2,-7.978,1,0.0424,0.343,6.73e-05,0.167,0.48,185.199,208.267,4,Country
The Good Stuff,Kenny Chesney,1sR3kJi14jA8Gau3a0yXAo,22050,0.612,0.62,7,-9.785,1,0.0645,0.255,0,0.129,0.502,143.78,200.44,4,Country
Austin,Blake Shelton,2WQAknZHrJAEQOFXe0F44P,22050,0.605,0.609,7,-7.063,1,0.0278,0.188,0,0.0982,0.275,119.914,230.333,4,Country
I Wanna Do It All,Terri Clark,56sAXFMfTagQGl5KOxvdxt,22050,0.626,0.886,4,-4.787,1,0.034,0.0668,0,0.118,0.782,132.905,173.333,4,Country
I Wonder,Kellie Pickler,4TWDBIZt5tJwEqyNYPCY4V,22050,0.493,0.37,1,-6.537,1,0.0299,0.731,0,0.113,0.23,123.134,237.96,4,Country
Hurt,Johnny Cash,28cnXtME493VX9NOw9cIUh,22050,0.534,0.392,9,-7.636,0,0.0267,0.649,0.000227,0.0948,0.163,90.379,216.533,4,Country
Independence Day,Martina McBride,1nVoLxz8C0uGgMKfywy0vf,22050,0.712,0.63,9,-6.202,1,0.0299,0.257,6.65e-05,0.0999,0.768,118.378,204.627,4,Country
Back At One,Mark Wills,72MSivvHmzBcpSvcHRyf9b,22050,0.627,0.451,11,-9.462,1,0.0275,0.174,0,0.0634,0.291,129.872,246.493,4,Country
Stayin Alive,Bee Gees,5ubvP9oKmxLUVq506fgLhk,22050,0.702,0.773,10,-9.256,0,0.0343,0.0288,0.00871,0.147,0.953,103.564,285.373,4,Disco
September,"Earth, Wind & Fire",3kXoKlD84c6OmIcOLfrfEs,22050,0.674,0.832,9,-7.892,1,0.0308,0.146,5.06e-06,0.138,0.981,125.996,216.022,4,Disco
I Will Survive,Gloria Gaynor,7rIovIsXE6kMn629b7kDig,22050,0.77,0.775,9,-9.571,0,0.0495,0.0227,0.00262,0.297,0.802,116.935,296.107,4,Disco
Got to Be Real,Cheryl Lynn,58r4JuwHhXLAkttkaUZfLw,22050,0.836,0.626,9,-10.143,0,0.0335,0.0943,0.742,0.153,0.898,114.657,307.947,4,Disco
Don't Stop 'Til You Get Enough,Michael Jackson,46eu3SBuFCXWsPT39Yg3tJ,22050,0.878,0.821,11,-9.875,1,0.089,0.126,0.0461,0.183,0.947,118.881,365.467,4,Disco
Boogie Wonderland,"Earth, Wind & Fire",6ztstiyZL6FXzh4aG46ZPD,22050,0.802,0.756,2,-10.791,0,0.0349,0.0843,0.00765,0.0521,0.963,131.715,288.293,4,Disco
"Night Fever - From ""Saturday Night Fever"" Soundtrack",Bee Gees,0qemIQjSxcKyf42VPfZnfa,22050,0.726,0.779,1,-7.057,0,0.0251,0.0178,0.00178,0.104,0.841,109.133,212.8,4,Disco
Bad Girls,Donna Summer,1ibRqifchaAfeNdQGpbRVW,22050,0.857,0.7,2,-14.506,0,0.0358,0.00387,0.0164,0.411,0.973,120.529,295.107,4,Disco
More Than A Woman,Bee Gees,2cX2coZS1PYBfPs8wgbdWE,22050,0.601,0.703,7,-6.24,1,0.0379,0.175,8.4e-05,0.571,0.673,106.164,196.213,4,Disco
Super Freak,Rick James,2dCmGcEOQrMQhMMS8Vj7Ca,22050,0.838,0.794,9,-8.245,0,0.0531,0.22,0,0.0575,0.962,132.446,205.467,4,Disco
Y.M.C.A.,Village People,4YOJFyjqh8eAcbKFfv88mV,22050,0.75,0.785,6,-10.926,1,0.0591,0.0278,0,0.0601,0.752,126.361,286.667,4,Disco
You Make Me Feel (Mighty Real),Sylvester,0RnCUYXa7jhgTXtiMXF2PQ,22050,0.629,0.851,5,-11.182,0,0.0294,0.0309,0.303,0.0947,0.961,130.7,400.116,4,Disco
Funky Town (Lipps inc),sauce,5IZVsJlZgC7VuXAPgnnaUB,22050,0.414,0.315,7,-17.412,1,0.324,0.543,0,0.611,0.598,79.638,45.823,4,Disco
"Last Dance - 12"" Version",Donna Summer,4nWrCsWZzxiXX8FYHbydzl,22050,0.553,0.691,10,-10.032,1,0.0764,0.524,0.00653,0.495,0.371,124.622,490.827,4,Disco
Lady Marmalade,LaBelle,17VWTx7LD7liGlpnlGhUbn,22050,0.631,0.563,2,-12.135,0,0.0552,0.398,0,0.0733,0.947,117.963,237.12,4,Disco
Upside Down,Diana Ross,3pbtBomO4Zt5gGiqsYeiBH,22050,0.873,0.855,5,-8.559,0,0.0615,0.179,0.0285,0.0377,0.884,107.868,245.6,4,Disco
Disco Inferno,The Trammps,5jUA1njy3h6ynHLvPdEVHt,22050,0.799,0.632,10,-12.364,1,0.0332,0.0293,0.359,0.103,0.967,128.567,659.0,4,Disco
Ring My Bell,Anita Ward,7GK2KVYH8FrTC9zehmjVMd,22050,0.781,0.556,5,-13.067,0,0.0611,0.0661,0.0907,0.0339,0.968,125.999,491.933,4,Disco
Shame,"Evelyn ""Champagne"" King",2lKRE5CbFx6J4w1ZGsfqVp,22050,0.72,0.866,11,-6.131,0,0.0543,0.0332,0.125,0.107,0.78,134.413,278.48,4,Disco
Brick House,Commodores,5VJjhHyG8NZ5xdgG6uTb3P,22050,0.831,0.782,4,-10.48,0,0.0595,0.0731,0.0171,0.032,0.631,107.877,208.893,4,Disco
Take Your Time (Do It Right),The S.O.S Band,1vL2jApEjTYUtGaBAjm2nR,22050,0.917,0.489,0,-5.417,1,0.0569,0.134,0,0.0664,0.603,118.12,209.987,4,Disco
He's the Greatest Dancer - 1995 Remaster,Sister Sledge,5WwRKYnVy9dekqXAGPbAvU,22050,0.7,0.816,7,-9.711,0,0.044,0.00115,0.00123,0.0901,0.838,113.244,375.4,4,Disco
We Are Family - 1995 Remaster,Sister Sledge,5IKLwqBQG6KU6MP2zP80Nu,22050,0.784,0.893,7,-5.153,0,0.0923,0.3,1.57e-05,0.272,0.819,118.738,216.733,4,Disco
Celebration,Kool & The Gang,3K7Q9PHUWPTaknlbFPThn2,22050,0.885,0.664,1,-11.795,1,0.0524,0.145,0.0483,0.0767,0.906,121.632,298.867,4,Disco
I'm Your Boogie Man,KC & The Sunshine Band,6mjlbRIgMTf2nqY0kq1rOJ,22050,0.753,0.753,5,-13.023,0,0.0436,0.0144,4.43e-05,0.0711,0.913,113.068,242.133,4,Disco
Let's Groove,"Earth, Wind & Fire",3koCCeSaVUyrRo3N2gHrd8,22050,0.869,0.648,11,-8.698,0,0.0633,0.121,2.17e-05,0.126,0.9,125.035,339.32,4,Disco
Don't Leave Me This Way,Thelma Houston,51qi5dgc9CsotM87GmRkAX,22050,0.559,0.818,0,-6.899,0,0.0514,0.285,0.00144,0.0735,0.765,121.523,342.36,4,Disco
Ain't No Stoppin' Us Now,McFadden & Whitehead,4Ymk3pqpkGx19gyxxUj5LK,22050,0.678,0.688,1,-7.83,1,0.0544,0.0611,0,0.0671,0.887,114.098,420.987,4,Disco
The Hustler (Disco Frisco Mix),Sound Accademy,0R3aeCg7ofE3SD89MNySgA,22050,0.631,0.686,2,-13.384,1,0.0574,0.0602,0.914,0.0587,0.676,124.903,344.184,4,Disco
Boogie Nights,Heatwave,4NTSDu34al733aIuUWVJHo,22050,0.629,0.615,11,-10.972,0,0.0433,0.169,7.23e-05,0.132,0.673,118.805,303.64,4,Disco
Rock with You - Single Version,Michael Jackson,7oOOI85fVQvVnK5ynNMdW7,22050,0.808,0.535,1,-12.521,1,0.0353,0.179,9.91e-05,0.158,0.848,114.031,220.627,4,Disco
Le Freak - 2018 Remaster,CHIC,7Kszjzps0xbQXyo1pO4KfE,22050,0.91,0.641,7,-11.316,1,0.0589,0.0258,6.42e-05,0.0642,0.903,118.533,331.36,4,Disco
Dancing Queen,ABBA,0GjEhVFGZW8afUYGChu3Rr,22050,0.543,0.87,9,-6.514,1,0.0428,0.358,0.000939,0.792,0.754,100.804,230.4,4,Disco
Heart Of Glass,Blondie,4v2rkl1mC3zVAz0nXMx9r4,22050,0.77,0.654,4,-6.108,1,0.0361,0.0539,0.00047,0.0819,0.685,114.82,229.423,4,Disco
Stayin' Alive,N-Trance,3k3QGyFyA5qrT5BLqeU1Ss,22050,0.807,0.79,6,-8.915,0,0.079,0.0267,0.000689,0.975,0.795,106.777,245.467,4,Disco
Get Down Tonight - 2004 Remaster,KC & The Sunshine Band,2qVZpGu1v98tvUAutqyAfJ,22050,0.671,0.776,10,-11.414,1,0.0282,0.137,0.00649,0.394,0.92,112.629,317.16,4,Disco
"Dance, Dance, Dance (Yowsah, Yowsah, Yowsah) - 2018 Remaster",CHIC,1gHjPSEIKmFE9M8PAV2RyQ,22050,0.831,0.616,10,-12.678,0,0.0651,0.00646,0.202,0.0776,0.761,123.138,502.24,4,Disco
Shake Your Groove Thing,Peaches & Herb,5o89Bf80t8ko3uNXJkYoVs,22050,0.863,0.726,9,-6.649,1,0.0494,0.415,0.0299,0.0735,0.93,132.574,346.133,4,Disco
Play That Funky Music,Wild Cherry,5uuJruktM9fMdN9Va0DUMl,22050,0.814,0.672,9,-12.068,1,0.0619,0.0435,0,0.061,0.933,109.394,300.0,4,Disco
Everybody Dance - 2018 Remaster,CHIC,15ifyO8wYntwyXAptfxhKr,22050,0.722,0.66,5,-13.438,0,0.0538,0.05,0.000901,0.0907,0.906,129.727,402.693,4,Disco
Boogie Oogie Oogie - Remastered 2004,A Taste Of Honey,07NrCEN3egNvw8td2LxqJO,22050,0.791,0.569,2,-10.372,0,0.0553,0.133,0.00035,0.139,0.889,123.977,338.32,4,Disco
Dance with Me,Peter Brown,3HOgUlwPDsh0kEFnbr5EL5,22050,0.912,0.42,10,-14.798,1,0.0507,0.117,0.000717,0.0424,0.9,108.53,319.227,4,Disco
"Shake Your Body (Down to the Ground) - 7"" Version",The Jacksons,26QORAYrHVWk6Pn6ELkzvn,22050,0.796,0.72,0,-7.203,1,0.0763,0.0528,0,0.337,0.851,117.401,227.261,4,Disco
You Should Be Dancing,Bee Gees,2xiOdusRnZezQok1RgLNeS,22050,0.681,0.716,0,-10.911,1,0.0333,0.0182,0.17,0.337,0.963,123.009,256.493,4,Disco
"I Feel Love - 12"" Version",Donna Summer,7B7lf3sIze5VR2WuYttn18,22050,0.692,0.79,5,-14.065,1,0.0416,0.074,0.711,0.101,0.96,128.13,495.187,4,Disco
Dancing Machine,The Jackson 5,0xqb2Euq1PAxKHBA36NUnx,22050,0.776,0.794,6,-7.722,1,0.0723,0.133,2.35e-05,0.689,0.845,109.277,161.813,4,Disco
That's the Way (I Like It) - 2004 Remaster,KC & The Sunshine Band,1qiQduM84A0VeH8Y2uAbqi,22050,0.68,0.877,5,-10.241,0,0.0353,0.191,0.000656,0.349,0.922,108.674,185.107,4,Disco
Funky Stuff,Kool & The Gang,2OzOvwRQghDtL2ytTMBOJt,22050,0.738,0.844,11,-9.53,0,0.0675,0.00139,0.046,0.033,0.576,100.894,183.733,4,Disco
Disco Lady,Johnnie Taylor,1tMyqN7bNCokdg7jWgKPc8,22050,0.719,0.79,2,-8.002,1,0.0521,0.0568,0,0.0573,0.846,103.751,267.067,4,Disco
Lost in Music - 1995 Remaster,Sister Sledge,47eSFHsPDVJwssTTG62Af3,22050,0.758,0.841,0,-7.509,1,0.0319,0.0544,0.000153,0.103,0.849,114.487,287.44,4,Disco
N.Y. State of Mind,Nas,0trHOzAhNpGCsGBEu7dOJo,22050,0.665,0.91,6,-4.682,0,0.223,0.0394,0,0.227,0.887,84.099,293.973,4,HipHop
Electric Relaxation,A Tribe Called Quest,32WDVNZXIAuu7EqncTTKjH,22050,0.852,0.418,11,-12.823,1,0.42,0.246,0.35,0.126,0.651,98.237,243.8,4,HipHop
Gin and Juice,Snoop Dogg,39QBkWKnap8wRSW4WB9OK0,22050,0.603,0.762,4,-7.744,0,0.285,0.0953,1.53e-05,0.478,0.379,94.726,211.867,4,HipHop
Big Poppa - 2005 Remaster,The Notorious B.I.G.,2g8HN35AnVGIk7B8yMucww,22050,0.78,0.575,9,-7.247,0,0.273,0.43,0,0.143,0.773,84.492,252.747,4,HipHop
"Protect Ya Neck (feat. RZA, Method Man, Inspectah Deck, Raekwon, U-God, Ol' Dirty Bastard, Ghostface Killah & GZA)",Wu-Tang Clan,1Sgj10byiGzPpI2IrXSFEn,22050,0.817,0.552,8,-10.8,0,0.385,0.0318,7.01e-06,0.826,0.808,102.011,291.067,4,HipHop
The Message,Nas,1AHfovSnGPVYKaahRtA0U6,22050,0.614,0.543,5,-7.178,1,0.374,0.00776,3.28e-05,0.383,0.485,178.422,234.093,4,HipHop
Can't Truss It,Public Enemy,5r5uZvXHbE4X6CdhnSATtX,22050,0.802,0.872,11,-7.651,1,0.139,0.00196,0,0.132,0.607,101.664,321.573,4,HipHop
It Was A Good Day,Ice Cube,2qOm7ukLyHUXWyR4ZWLwxA,22050,0.798,0.744,7,-5.328,0,0.136,0.33,0.000106,0.292,0.794,82.356,260.0,4,HipHop
Keep Ya Head Up,2Pac,0XRbYXQUymj9SJkrr8YK5B,22050,0.598,0.732,4,-7.013,1,0.425,0.144,0,0.508,0.595,172.329,262.507,4,HipHop
Paid In Full - Seven Minutes Of Madness - The Coldcut Remix,Eric B. & Rakim,5XQPpKiBjXUI4bIenLBxci,22050,0.812,0.698,4,-8.887,0,0.126,0.00198,0.0869,0.33,0.291,98.211,429.56,4,HipHop
The Breaks,Kurtis Blow,5TvcggVu3s2P1fMAS8BupX,22050,0.91,0.576,11,-13.256,0,0.109,0.0987,0.0023,0.195,0.907,112.877,463.733,4,HipHop
Hip Hop Hooray,Naughty By Nature,1SyQ6t9RdRBK0QUCS6a797,22050,0.862,0.642,6,-13.652,0,0.101,0.102,0,0.272,0.765,99.2,267.267,4,HipHop
I Used to Love H.E.R.,Common,4TboAbE2pCUUB0fk6Q9rUU,22050,0.74,0.445,1,-13.222,1,0.397,0.074,3.4e-05,0.424,0.593,91.745,278.707,4,HipHop
The Next Episode,Dr. Dre,4LwU4Vp6od3Sb08CsP99GC,22050,0.922,0.909,10,-2.429,0,0.27,0.0281,0,0.0856,0.309,95.295,161.507,4,HipHop
Ms. Jackson,Outkast,0I3q5fE6wg7LIfHGngUTnV,22050,0.843,0.806,4,-5.946,0,0.269,0.143,0,0.0771,0.613,94.948,270.507,4,HipHop
My Name Is,Eminem,75IN3CtuZwTHTnZvYM4qnJ,22050,0.869,0.68,1,-6.233,1,0.318,0.0416,1.12e-06,0.0914,0.815,85.519,268.4,4,HipHop
Fight The Power,Public Enemy,1yo16b3u0lptm6Cs7lx4AD,22050,0.797,0.582,2,-12.97,1,0.255,0.00484,2.04e-06,0.517,0.415,105.974,282.64,4,HipHop
Jump,Kris Kross,27AHAtAirQapVldIm4c9ZX,22050,0.749,0.745,2,-10.625,1,0.164,0.000501,0.00403,0.333,0.481,101.972,195.107,4,HipHop
I Got 5 On It,Luniz,4IYKjN1DrYzxKXt0umJqsG,22050,0.6,0.706,10,-7.899,0,0.361,0.209,0,0.125,0.58,173.926,253.533,4,HipHop
You Can't Stop The Beat,Elijah Kelley,7goE6wDBvkZoeWrFm0EdCg,22050,0.52,0.944,7,-4.721,1,0.157,0.0382,0,0.141,0.725,170.484,324.707,4,HipHop
O.P.P,Naughty By Nature,1k28sDTLOz942qa3wEtMQE,22050,0.848,0.838,4,-11.949,0,0.0721,0.0326,4.89e-06,0.124,0.787,97.736,271.067,4,HipHop
Hail Mary,Makaveli,6sCtddSFg3foJn4K2pIhfQ,22050,0.696,0.636,10,-6.915,0,0.335,0.158,1.28e-05,0.338,0.358,81.593,309.8,4,HipHop
"C.R.E.A.M. (Cash Rules Everything Around Me) (feat. Method Man, Raekwon, Inspectah Deck & Buddha Monk)",Wu-Tang Clan,119c93MHjrDLJTApCVGpvx,22050,0.479,0.549,11,-10.551,0,0.373,0.57,0.0235,0.127,0.576,180.985,252.187,4,HipHop
Children's Story,Slick Rick,15HgR9Ht4obJOcMG4wregp,22050,0.904,0.577,1,-7.293,1,0.132,0.125,0,0.115,0.7,102.691,242.04,4,HipHop
The Show,Slick Rick,3h5WExszdvaFDSQoY7g1c9,22050,0.74,0.984,6,-6.05,1,0.372,0.72,2.09e-06,0.959,0.281,102.756,369.4,4,HipHop
Hard Knock Life (Ghetto Anthem),JAY-Z,5Tl0HJvynZtKdSUMKbFVVX,22050,0.884,0.679,10,-5.857,0,0.282,0.0957,0.00209,0.0289,0.591,76.993,238.467,4,HipHop
Rapper's Delight,The Sugarhill Gang,7sZDbHZiuHEzS00vzCuhqS,22050,0.9,0.845,11,-7.306,0,0.257,0.465,0,0.0724,0.914,111.187,427.36,4,HipHop
B.O.B. - Bombs Over Baghdad,Outkast,3WibbMr6canxRJXhNtAvLU,22050,0.746,0.978,9,-5.324,1,0.0978,0.0555,4.11e-05,0.026,0.653,153.809,304.227,4,HipHop
The Way I Am,Eminem,23wfXwnsPZYe5A1xXRHb3J,22050,0.785,0.871,4,-2.692,0,0.265,0.144,0,0.309,0.315,87.248,290.427,4,HipHop
The Bridge Is Over,Boogie Down Productions,5jkjpSsMOfsxgdGScPZVq2,22050,0.822,0.447,0,-9.836,1,0.448,0.0173,0,0.0643,0.556,179.837,204.602,4,HipHop
Da Rockwilder,Method Man,4anqYZt4APNlFwQixpbdZR,22050,0.612,0.659,6,-6.995,0,0.406,0.0137,0,0.417,0.393,99.137,136.093,4,HipHop
Can't Tell Me Nothing,Kanye West,0mEdbdeRFQwBhN4xfyIeUM,22050,0.596,0.62,5,-6.133,0,0.039,0.0122,0,0.82,0.102,80.029,271.6,4,HipHop
Mass Appeal,Gang Starr,3lGBvPUgO7MJltUnBlOpe9,22050,0.808,0.726,10,-8.435,0,0.252,0.0208,0.276,0.129,0.616,96.12,221.027,4,HipHop
"One Mic, One Gun",Nas,7CpXFEjLntpr4GdOhTtFEv,22050,0.756,0.916,1,-2.692,1,0.207,0.0351,0,0.241,0.458,149.961,169.693,4,HipHop
Ruffneck,MC Lyte,5BC50dLe7dZKVc3gPvJRx9,22050,0.709,0.902,1,-3.392,0,0.188,0.0364,0,0.0219,0.878,204.317,237.267,4,HipHop
Grindin',Clipse,3XrvEifl0hIzgBGUa5jBLS,22050,0.592,0.77,1,-3.402,1,0.318,0.122,1.22e-06,0.103,0.361,191.692,264.76,4,HipHop
Put It On,Big L,6JI5wNWYdBw68GZjOMmgK5,22050,0.711,0.62,11,-10.174,0,0.212,0.0175,0,0.134,0.805,179.817,217.627,4,HipHop
Tha Crossroads,Bone Thugs-N-Harmony,5KSJ9k1FYjFLnIRlJT2wF8,22050,0.679,0.509,4,-7.31,1,0.0617,0.0856,0,0.438,0.534,144.29,223.547,4,HipHop
X Gon' Give It to Ya - Re-Recorded - Sped Up,DMX,1t998Cto3fa26vENs2DfnT,22050,0.792,0.842,6,-3.991,1,0.058,0.003,2.15e-05,0.0769,0.623,126.843,164.814,4,HipHop
Nas Is Like,Nas,3gY6tiCNsuVi6s8kPV6aQg,22050,0.634,0.845,11,-5.058,0,0.352,0.00602,5.29e-06,0.0598,0.929,94.0,237.027,4,HipHop
Passin' Me By,The Pharcyde,4G3dZN9o3o2X4VKwt4CLts,22050,0.759,0.756,4,-8.145,0,0.266,0.0903,2.36e-06,0.265,0.613,87.059,303.493,4,HipHop
Ain't No Half-Steppin',Big Daddy Kane,0dNiLb9FEHrRK7VFDJctiR,22050,0.836,0.728,10,-12.058,0,0.234,0.00569,0.000819,0.0649,0.599,100.842,319.907,4,HipHop
The World Is Yours,Nas,7G3lxTsMfSx4yarMkfgnTC,22050,0.678,0.794,10,-6.186,0,0.14,0.274,1.68e-06,0.124,0.54,87.374,290.573,4,HipHop
Ms. Fat Booty,Mos Def,0IVAlb0cFCH1cQ974iR1TU,22050,0.782,0.589,1,-4.827,1,0.189,0.148,0,0.164,0.869,90.438,223.547,4,HipHop
Tha Shiznit,Snoop Dogg,2DhL7DtMmxmqrCUB2NAlLm,22050,0.802,0.534,4,-7.409,0,0.0532,0.00665,6.97e-06,0.182,0.722,96.789,280.613,4,HipHop
Ice Cream - Live,Wu-Tang Clan,0yo4KCI1aU8ShrwI5iQBc2,22050,0.529,0.866,1,-10.283,1,0.315,0.395,0,0.822,0.651,90.525,125.132,4,HipHop
Hits from the Bong,Cypress Hill,0cfqYhY6B8PbGF9vaVNUeG,22050,0.803,0.578,1,-13.264,1,0.182,0.0103,0.812,0.199,0.499,92.175,160.867,4,HipHop
Criminal,Eminem,18ohWhzbMCynq5QJ68ifkW,22050,0.81,0.724,4,-6.153,0,0.268,0.127,0,0.306,0.573,101.941,319.6,4,HipHop
Super Bass,Nicki Minaj,3hlksXnvbKogFdPbpO9vel,22050,0.723,0.86,11,-4.357,1,0.203,0.271,4.56e-06,0.598,0.667,126.979,200.013,4,HipHop
Thrift Shop (feat. Wanz),Macklemore & Ryan Lewis,6CjtS2JZH9RkDz5UVInsa9,22050,0.781,0.526,6,-6.986,0,0.293,0.0633,0,0.0457,0.665,94.993,235.613,4,HipHop
Take Five,The Dave Brubeck Quartet,1YQWosTIljIvxAgHWTp7KP,22050,0.454,0.26,8,-13.193,0,0.0401,0.539,0.00078,0.0675,0.598,174.322,324.133,5,Jazz
What A Wonderful World,Louis Armstrong,29U7stRjqHU6rMiS8BfaI9,22050,0.271,0.165,5,-20.652,1,0.0351,0.729,1.6e-06,0.118,0.203,77.082,139.227,4,Jazz
Summertime,Ella Fitzgerald,2gNjmvuQiEd2z9SqyYi8HH,22050,0.172,0.0696,11,-21.295,0,0.0339,0.916,0.00199,0.137,0.103,167.974,298.133,5,Jazz
My Favorite Things,John Coltrane,2JOEPbuwVf0nafGnMSVEhH,22050,0.277,0.242,4,-18.442,1,0.0342,0.694,0.464,0.113,0.285,175.384,824.133,3,Jazz
"Take the ""A"" Train",Duke Ellington,6KBsivP3Of4z2x6uNMAyE3,22050,0.479,0.318,0,-13.836,1,0.0395,0.278,0.0959,0.107,0.575,94.036,331.8,4,Jazz
In A Sentimental Mood,Duke Ellington,0E8q2Fx2XuzXCO2NSAppkR,22050,0.464,0.305,3,-12.435,0,0.0316,0.936,0.0846,0.208,0.282,108.229,255.227,4,Jazz
Autumn Leaves,Cannonball Adderley,0X5DcGkbxCXSadgj01ZXd7,22050,0.535,0.258,7,-9.499,0,0.033,0.768,8.95e-05,0.115,0.281,110.953,659.52,4,Jazz
'Round Midnight,Thelonious Monk,1wl5b2lw3YagQtZiYZbQWP,22050,0.542,0.32,8,-9.975,1,0.0387,0.907,0.649,0.0609,0.206,116.648,193.84,4,Jazz
Don't Worry Be Happy,Bobby McFerrin,4hObp5bmIJ3PP3cKA9K9GY,22050,0.675,0.166,11,-22.602,1,0.171,0.88,7.14e-05,0.0461,0.747,68.837,294.4,4,Jazz
Strange Fruit,Billie Holiday,1CTex49P0iWwzUGsMNjgaV,22050,0.313,0.0437,6,-22.627,1,0.0315,0.989,0.148,0.209,0.0625,100.827,192.867,1,Jazz
Feeling Good,Nina Simone,6Rqn2GFlmvmV4w9Ala0I1e,22050,0.399,0.326,7,-9.239,0,0.0386,0.864,0,0.191,0.546,79.206,174.0,4,Jazz
Birdland,Weather Report,19vVghIuHm3IAfN4xpRF3q,22050,0.589,0.532,0,-12.021,1,0.0359,0.434,0.00157,0.0794,0.527,156.868,356.76,4,Jazz
Minnie the Moocher,Pisk,0JANCc1DhGuwOBnfaZNzaK,22050,0.715,0.905,7,-6.024,0,0.0835,0.0383,0.00233,0.302,0.562,125.96,221.058,4,Jazz
"All Blues (feat. John Coltrane, Cannonball Adderley & Bill Evans)",Miles Davis,5o3DSHw1ORhM3lWxqGRvEf,22050,0.499,0.149,0,-18.305,1,0.0314,0.771,0.00469,0.115,0.363,139.815,692.747,3,Jazz
"Take The ""A"" Train",Ella Fitzgerald,5OjlWOb1Iilm0QFLh17j3U,22050,0.43,0.356,0,-11.444,1,0.0542,0.564,0,0.0841,0.496,91.765,404.88,4,Jazz
Ain't Misbehavin',Fats Waller,3BFRqZFLSrqtQr6cjHbAxU,22050,0.515,0.222,0,-16.918,0,0.0575,0.821,0.00193,0.19,0.35,98.358,237.773,4,Jazz
Lullaby Of Birdland,Ella Fitzgerald,4JQiUSWsle7d4MAnsSi3hO,22050,0.528,0.382,5,-5.963,0,0.0327,0.916,0,0.231,0.473,110.736,171.0,4,Jazz
The Nearness Of You,Ella Fitzgerald,75LI0OCqjssEzuhEv42jYn,22050,0.401,0.118,6,-18.167,1,0.0648,0.829,0,0.109,0.218,81.815,342.133,4,Jazz
Mood Indigo,Duke Ellington,77zlKibPvqudmNxMNpAtv6,22050,0.336,0.136,10,-12.604,1,0.0408,0.993,0.832,0.288,0.0458,76.831,159.773,3,Jazz
Georgia on My Mind,Ray Charles,6yMGxqKj0218mFR5KqsMRq,22050,0.19,0.323,7,-12.405,1,0.0303,0.626,2.17e-06,0.176,0.281,94.34,219.56,4,Jazz
Desafinado,João Gilberto,2gHQYQuoGGjpa6I1Km5kSh,22050,0.484,0.245,6,-17.11,0,0.0448,0.77,0,0.156,0.66,83.976,118.387,4,Jazz
Straighten Up And Fly Right,Nat King Cole,3vXRZhHnVB3Z5scbRgH1ah,22050,0.798,0.219,5,-14.195,0,0.0565,0.955,0.000299,0.12,0.666,76.794,156.493,4,Jazz
Django,The Modern Jazz Quartet,1wHKgpL6wb7V922tOJCIl3,22050,0.402,0.206,5,-19.784,0,0.0465,0.684,0.00135,0.107,0.427,168.31,275.333,4,Jazz
Mack the Knife,Louis Armstrong,0RNxWy0PC3AyH4ThH3aGK6,22050,0.673,0.377,0,-14.141,1,0.0697,0.586,0,0.332,0.713,88.973,201.467,4,Jazz
Watermelon Man,Herbie Hancock,2zQl59dZMzwhrmeSBEgiXY,22050,0.724,0.414,1,-11.19,1,0.0588,0.262,0.111,0.0785,0.719,146.939,388.96,4,Jazz
The Fool On The Hill,Sergio Mendes & Brasil '66,7384ZImepcCLSwbxmX1D2T,22050,0.656,0.272,9,-20.372,1,0.0348,0.839,0.00112,0.0654,0.775,123.806,191.533,3,Jazz
"So What (feat. John Coltrane, Cannonball Adderley & Bill Evans)",Miles Davis,4vLYewWIvqHfKtJDk8c8tq,22050,0.532,0.151,0,-17.266,1,0.0376,0.706,0.00136,0.116,0.211,136.759,562.64,4,Jazz
Spain,Chick Corea,5RrJCusmR1J54b5ivqdWIu,22050,0.404,0.446,11,-16.982,0,0.0352,0.857,0.885,0.0845,0.474,136.242,590.867,4,Jazz
A Night In Tunisia,Dizzy Gillespie,5fxJzPPvuvdhHypgme9cVX,22050,0.469,0.323,10,-13.328,1,0.0391,0.761,0.328,0.0593,0.357,147.619,334.333,3,Jazz
Body and Soul,Coleman Hawkins,2xm9ihELo6xwrRKrBbPql9,22050,0.659,0.113,10,-16.756,0,0.0569,0.976,0.88,0.179,0.738,95.063,182.36,4,Jazz
St. Louis Blues,Bessie Smith,3cw8eL6EI64aCw9Mw6Ipgd,22050,0.355,0.114,10,-15.968,1,0.0588,0.991,0.00686,0.108,0.258,69.902,189.6,4,Jazz
Goodbye Pork Pie Hat,Charles Mingus,3PJMsxg6rz9FOo6xNiASXz,22050,0.356,0.0937,8,-16.64,0,0.0353,0.957,0.096,0.209,0.278,86.669,342.373,3,Jazz
Blue Train - Remastered 2003/Rudy Van Gelder Edition,John Coltrane,6ZgaUtMlUzUf7SqbUUnfbu,22050,0.506,0.493,8,-7.759,1,0.0427,0.798,0.00355,0.307,0.584,134.77,644.013,4,Jazz
"Someday My Prince Will Come (feat. John Coltrane, Hank Mobley, Wynton Kelly, Paul Chambers & Jimmy Cobb)",Miles Davis,0PHqHvmg4TIaANfbsvDMTR,22050,0.516,0.309,0,-12.602,0,0.0331,0.813,0.00301,0.156,0.277,152.066,542.4,3,Jazz
West Coast Blues,Wes Montgomery,1xlNWhgv6MgVKvGK3ZXauZ,22050,0.575,0.283,5,-13.333,0,0.0457,0.961,0.204,0.104,0.659,152.929,442.4,3,Jazz
"'Round Midnight (feat. John Coltrane, Red Garland, Paul Chambers & Philly Joe Jones)",Miles Davis,5vb7At47uO0yPGfmYnAHuw,22050,0.494,0.182,10,-11.116,0,0.0443,0.79,0.00036,0.129,0.21,112.689,355.333,4,Jazz
Cheek To Cheek,Ella Fitzgerald,5TNpCThzzXHEipXGKgNG8T,22050,0.655,0.31,0,-13.4,1,0.0866,0.573,0,0.119,0.665,121.999,353.267,4,Jazz
My One And Only Love,John Coltrane,0uPkCpuoERqrkBL06Art50,22050,0.474,0.0676,9,-16.101,0,0.0363,0.963,0.00291,0.14,0.248,115.713,295.24,3,Jazz
Boplicity,Miles Davis,0Wz6DLq8NBoi1viEqrdH9B,22050,0.488,0.176,5,-15.979,1,0.0399,0.932,0.00345,0.0935,0.497,135.593,181.989,4,Jazz
Song For My Father,Horace Silver,1CDBaGlisZlOJzvx88lL8A,22050,0.742,0.671,5,-8.142,0,0.0407,0.794,0.00441,0.122,0.591,127.359,438.28,4,Jazz
Take The Coltrane,Duke Ellington,6aNnVdpAQu8R0qGq5NMXyZ,22050,0.433,0.631,5,-9.381,1,0.0458,0.199,0,0.271,0.654,129.493,282.6,4,Jazz
Birds of Fire,Mahavishnu Orchestra,0dCbhZ6jVeSLJ0of5wf2hm,22050,0.249,0.986,4,-7.656,1,0.115,0.0613,0.473,0.0365,0.0792,108.575,342.8,5,Jazz
It's Only A Paper Moon,Ella Fitzgerald,373yGkNo74RZgmQgTiR8xK,22050,0.761,0.103,10,-16.964,1,0.0416,0.944,0,0.127,0.53,114.044,160.133,4,Jazz
Sister Sadie,Horace Silver,3R5K5Alv1Db3WRRAE3lr42,22050,0.538,0.538,7,-7.428,1,0.0368,0.87,0.0605,0.16,0.499,96.383,379.093,4,Jazz
Afro-Blue - Live At The Half Note,John Coltrane,3s4SpgPUXR1mNAwpu8N2GU,22050,0.334,0.597,1,-12.919,1,0.05,0.0997,0.211,0.35,0.68,145.918,764.133,4,Jazz
Blue in Green (feat. John Coltrane & Bill Evans),Miles Davis,0aWMVrwxPNYkKmFthzmpRi,22050,0.421,0.0162,2,-25.358,0,0.0388,0.808,0.0024,0.0978,0.154,110.479,337.733,4,Jazz
Naima - Mono,John Coltrane,5cAwEKmadsW4nCYe9QUvgU,22050,0.292,0.012,10,-21.638,0,0.0393,0.905,0.164,0.0813,0.133,170.106,265.049,3,Jazz
Cantaloupe Island - Remastered,Herbie Hancock,0sCeNwt8xRCMR4NhKpMyBe,22050,0.515,0.583,0,-8.182,0,0.0284,0.749,0.000294,0.123,0.414,116.11,333.947,4,Jazz
Chameleon,Herbie Hancock,4Ce66JznW8QbeyTdSzdGwR,22050,0.581,0.672,8,-8.279,1,0.0602,0.104,0.856,0.0458,0.808,111.154,941.36,4,Jazz
Lonely Woman,Ornette Coleman,23aDP04QX8MAHA99FLaPtN,22050,0.474,0.376,9,-10.482,0,0.0283,0.315,0.000748,0.147,0.253,81.001,302.2,4,Jazz
Master of Puppets (Remastered),Metallica,54bm2e3tk8cliUz3VSdCPZ,22050,0.539,0.828,4,-9.108,0,0.035,0.00067,0.421,0.154,0.562,105.25,515.387,4,Metal
One (Remastered),Metallica,0LAcM6I7ijW4VVW0aytl1t,22050,0.438,0.687,7,-9.15,1,0.0619,0.000668,0.0801,0.42,0.426,103.01,446.146,3,Metal
Fade To Black (Remastered),Metallica,0dqGfCMAGyDgpUAgLNOjWd,22050,0.256,0.929,7,-6.667,1,0.113,0.00311,0.201,0.11,0.278,113.47,417.227,4,Metal
Nothing Else Matters (Remastered),Metallica,2CtemffYhT0DJWcT1XW047,22050,0.547,0.394,4,-9.793,0,0.0262,0.0522,6.4e-06,0.0795,0.17,142.37,388.733,3,Metal
Paranoid - 2012 - Remaster,Black Sabbath,1Y373MqadDRtclJNdnUXVc,22050,0.412,0.658,4,-12.051,0,0.0708,4.52e-05,0.000774,0.176,0.454,163.071,168.406,4,Metal
Iron Man - 2012 - Remaster,Black Sabbath,3IOQZRcEkplCXg6LofKqE9,22050,0.336,0.792,9,-10.875,1,0.084,0.00351,0.00175,0.0437,0.427,155.587,355.304,4,Metal
War Pigs / Luke's Wall - 2012 - Remaster,Black Sabbath,2rd9ETlulTbz6BYZcdvIE1,22050,0.332,0.623,9,-12.363,1,0.08,0.222,0.000895,0.278,0.413,183.097,474.36,4,Metal
Mr. Crowley,Ozzy Osbourne,2ov8L95QD25TLpZAZPYWXL,22050,0.307,0.748,2,-6.514,0,0.0568,0.212,0.000153,0.368,0.347,108.227,302.648,4,Metal
Bark at the Moon,Ozzy Osbourne,2E7W1X4maFFcjHrVrFA7Vs,22050,0.303,0.961,9,-5.333,0,0.243,0.00253,6.2e-05,0.132,0.305,146.591,257.12,4,Metal
Ace of Spades,Motörhead,6EPRKhUOdiFSQwGBRBbvsZ,22050,0.342,0.91,4,-7.748,1,0.0758,4.02e-05,0.000121,0.0823,0.547,140.452,166.36,4,Metal
Overkill,Motörhead,3Staqm5EYDnYBqcwuxrWjZ,22050,0.266,0.866,11,-7.885,1,0.112,5.44e-06,0.0185,0.0961,0.211,119.41,311.133,4,Metal
The Trooper - 2015 Remaster,Iron Maiden,1Ab3hhOw1TJWDgO10vlxNZ,22050,0.285,0.908,4,-4.601,0,0.0705,0.0318,0.00909,0.311,0.669,159.756,252.733,4,Metal
Run to the Hills - 2015 Remaster,Iron Maiden,0sxYYT48UPkmrDx8p4Hnrl,22050,0.249,0.943,0,-5.188,1,0.0669,0.0286,0.00401,0.162,0.458,173.671,233.507,4,Metal
Fear of the Dark - 2015 Remaster,Iron Maiden,0h4rVZcOiSaL9b5mT1A2gq,22050,0.308,0.866,2,-5.671,0,0.059,0.000739,0.00141,0.232,0.227,109.825,438.12,4,Metal
The Number of the Beast - 2015 Remaster,Iron Maiden,139RwLyp7r8F9ojvhGF5lC,22050,0.409,0.89,0,-6.839,1,0.0558,0.088,0.107,0.0935,0.268,100.409,290.587,4,Metal
Breaking the Law,Judas Priest,2RaA6kIcvomt77qlIgGhCT,22050,0.362,0.961,2,-5.664,1,0.0857,0.024,9.35e-06,0.159,0.491,164.019,153.84,4,Metal
Painkiller,Judas Priest,0L7zm6afBEtrNKo6C6Gj08,22050,0.435,0.987,1,-4.667,0,0.16,0.000195,0.0847,0.268,0.101,103.16,365.827,4,Metal
Electric Eye,Judas Priest,3w9zHVKI28aUPZTxq8oDC6,22050,0.437,0.948,4,-6.041,0,0.0554,0.000716,0.000261,0.146,0.361,96.72,222.44,4,Metal
Living After Midnight,Judas Priest,0IXpUl1fn2QZcBavfuq0H4,22050,0.61,0.824,4,-6.046,1,0.0534,0.0136,1.75e-06,0.0606,0.819,134.992,210.133,4,Metal
Angel Of Death,Slayer,61dTqhd46yMkSWmC5LAh5F,22050,0.332,0.994,1,-4.336,1,0.137,0.000119,0.322,0.142,0.0829,106.086,291.44,4,Metal
Raining Blood,Slayer,01Mpj13vURSO3cCLprPt5T,22050,0.294,0.995,1,-4.383,0,0.168,0.000489,0.331,0.128,0.0379,88.777,254.4,4,Metal
Seasons In The Abyss,Slayer,3Ky8IzV8IVSwijtaTWB2SK,22050,0.263,0.97,5,-4.182,0,0.163,0.00338,0.000795,0.0922,0.17,151.729,397.827,4,Metal
South Of Heaven,Slayer,3U9gogDStAfWxSm91PJuxb,22050,0.31,0.991,5,-3.769,0,0.316,0.000132,0.085,0.0969,0.0395,140.071,298.533,4,Metal
Chop Suey!,System Of A Down,2DlHlPMa4M17kufBvI2lEN,22050,0.417,0.934,7,-3.908,0,0.119,0.000278,0.0015,0.132,0.287,127.066,210.24,4,Metal
Toxicity,System Of A Down,0snQkGI5qnAmohLE7jTsTn,22050,0.413,0.873,8,-4.151,1,0.0536,0.000264,0.00249,0.204,0.48,116.68,218.933,3,Metal
Aerials,System Of A Down,4e9eGQYsOiBcftrWXwsVco,22050,0.364,0.922,0,-4.217,0,0.0567,0.000915,0.0346,0.0697,0.227,79.342,235.053,4,Metal
B.Y.O.B.,System Of A Down,0EYOdF5FCkgOJJla8DI2Md,22050,0.538,0.981,1,-2.688,0,0.14,0.00662,0,0.219,0.711,101.414,255.467,4,Metal
Black Hole Sun,Soundgarden,2EoOZnxNgtmZaD8uUmz2nD,22050,0.35,0.828,6,-5.373,1,0.041,0.000217,0.000161,0.0774,0.147,105.435,318.587,4,Metal
Fell On Black Days,Soundgarden,1wlKw9NAWVWpx7OIAyg9EA,22050,0.574,0.739,4,-5.745,0,0.0271,0.00152,0.000328,0.141,0.514,101.069,283.027,3,Metal
Rusty Cage - Remastered,Soundgarden,6hqIXyo6GxydAnoI8XeIrV,22050,0.307,0.917,9,-7.599,1,0.0977,1.65e-05,0.00044,0.0566,0.266,101.879,266.2,4,Metal
Outshined - Remastered,Soundgarden,4VwPsMcRt1HPVKIdcwY9Uj,22050,0.485,0.841,2,-6.068,0,0.0307,0.000173,0.00686,0.125,0.551,94.867,311.0,4,Metal
Symphony Of Destruction,Megadeth,51TG9W3y9qyO8BY5RXKgnZ,22050,0.61,0.891,4,-5.452,0,0.0587,0.000805,0.0928,0.0657,0.51,139.903,246.733,4,Metal
Peace Sells - Remastered,Megadeth,5a2hIQWInPjqkkFiUEgxoX,22050,0.322,0.932,4,-4.252,0,0.163,8.57e-05,0.817,0.0969,0.376,138.042,244.16,4,Metal
Hangar 18 - 2004 Remix,Megadeth,6b6uLZsoGhObYexIxnRbIb,22050,0.248,0.988,2,-3.74,1,0.144,5.87e-05,0.84,0.323,0.149,115.301,311.2,4,Metal
Killing In The Name,Rage Against The Machine,59WN2psjkt1tyaxjspN8fp,22050,0.466,0.833,7,-4.215,1,0.304,0.0266,0,0.0327,0.661,88.785,313.573,4,Metal
Bombtrack,Rage Against The Machine,2rBHnIxbhkMGLpqmsNX91M,22050,0.459,0.926,4,-3.415,1,0.155,0.0239,1.93e-05,0.183,0.569,151.534,243.453,4,Metal
Testify,Rage Against The Machine,7lmeHLHBe4nmXzuXc0HDjk,22050,0.47,0.978,7,-5.399,1,0.0727,0.0261,1.09e-05,0.356,0.503,117.906,210.133,4,Metal
Know Your Enemy,Rage Against The Machine,1XTGyfJeMiZXrZ1W3NolcB,22050,0.575,0.857,4,-3.961,1,0.155,0.0125,0.00229,0.145,0.623,117.413,294.507,4,Metal
Walk,Pantera,7fcfNW0XxTWlwVlftzfDOR,22050,0.43,0.704,1,-8.008,0,0.0804,0.000155,0.00221,0.0933,0.703,118.242,315.12,4,Metal
Mouth for War,Pantera,6rkeaQRCWZxwkjhyqgxjXi,22050,0.329,0.954,8,-7.006,0,0.0722,4.2e-06,0.000614,0.051,0.627,156.899,237.347,4,Metal
Refuse / Resist,Sepultura,2OoS1aZFAFscH1cUiKlazH,22050,0.475,0.953,2,-6.951,1,0.15,0.000291,0.00338,0.104,0.232,118.033,199.227,4,Metal
Roots Bloody Roots,Sepultura,6ursmCnbc9oDRGa2yHKkoZ,22050,0.428,0.874,4,-6.664,0,0.128,0.000337,0.0419,0.311,0.261,119.708,212.253,4,Metal
Attitude,Sepultura,1k5Jr3Ir3tXJLrI5ZsJ0fo,22050,0.475,0.942,1,-4.287,0,0.139,0.00141,0.0797,0.0939,0.178,80.356,255.4,4,Metal
Funeral Fog,Mayhem,2lXi7xN0MiTfLb2DW7H9UT,22050,0.114,0.959,6,-9.419,0,0.0963,1.31e-06,0.9,0.104,0.126,153.904,347.253,4,Metal
Left Hand Path,Entombed,5faD0zZ9fMa3J5ZN3lIWtp,22050,0.166,0.927,7,-8.797,1,0.0736,3.94e-06,0.651,0.344,0.219,131.984,399.093,4,Metal
1984,Slaughter to Prevail,7LG0FEpKoKvHCv1S6FUrBY,22050,0.465,0.993,0,-1.734,1,0.0903,0.000354,0.0335,0.464,0.204,92.472,215.0,4,Metal
Got The Time,Anthrax,3cFnb3Rg9a7Gzqxc5QQ9YZ,22050,0.371,0.973,10,-5.303,0,0.135,0.000641,0.00163,0.0423,0.444,127.721,164.333,4,Metal
Are You Dead Yet?,Children Of Bodom,2T2vudIHfVMA5ychWTU3KA,22050,0.461,0.961,8,-3.011,1,0.0479,6.39e-06,0.14,0.308,0.416,96.009,234.88,4,Metal
Devil's Plaything,Danzig,2AFN49ptbSNP7JJr6XkLXV,22050,0.651,0.522,0,-10.217,1,0.034,0.0127,0.00269,0.385,0.232,104.785,253.693,4,Metal
Dismembered,Dismember,79EcQK4YZUmqVI03lQWbKV,22050,0.205,0.946,8,-5.184,1,0.0736,1.38e-06,0.812,0.302,0.157,112.621,353.64,4,Metal
Levitating (feat. DaBaby),Dua Lipa,5nujrmhLynf4yMoMtj8AQF,22050,0.702,0.825,6,-3.787,0,0.0601,0.00883,0,0.0674,0.915,102.977,203.064,4,Pop
Peaches (feat. Daniel Caesar & Giveon),Justin Bieber,4iJyoBOLtHqaGxP12qzhQI,22050,0.677,0.696,0,-6.181,1,0.119,0.321,0,0.42,0.464,90.03,198.082,4,Pop
Shape of You,Ed Sheeran,7qiZfU4dY1lWllzX7mPBI3,22050,0.825,0.652,1,-3.183,0,0.0802,0.581,0,0.0931,0.931,95.977,233.713,4,Pop
Uptown Funk (feat. Bruno Mars),Mark Ronson,32OlwWuMpZ6b0aN2RZOeMS,22050,0.856,0.609,0,-7.223,1,0.0824,0.00801,8.15e-05,0.0344,0.928,114.988,269.667,4,Pop
Say You Won't Let Go,James Arthur,5uCax9HTNlzGybIStD3vDh,22050,0.358,0.557,10,-7.398,1,0.059,0.695,0,0.0902,0.494,85.043,211.467,4,Pop
Thinking out Loud,Ed Sheeran,34gCuhDGsG4bRPIf9bb02f,22050,0.781,0.445,2,-6.061,1,0.0295,0.474,0,0.184,0.591,78.998,281.56,4,Pop
Hello,Adele,62PaSfnXSMyLshYJrlTuL3,22050,0.578,0.43,5,-6.134,0,0.0305,0.33,0,0.0854,0.288,78.991,295.502,4,Pop
Blinding Lights,The Weeknd,0VjIjW4GlUZAMYd2vXMi3b,22050,0.514,0.73,1,-5.934,1,0.0598,0.00146,9.54e-05,0.0897,0.334,171.005,200.04,4,Pop
Don't Start Now,Dua Lipa,3PfIrDoz19wz7qK7tYeu62,22050,0.793,0.793,11,-4.521,0,0.083,0.0123,0,0.0951,0.679,123.95,183.29,4,Pop
"Happy - From ""Despicable Me 2""",Pharrell Williams,60nZcImufyMA1MKQY3dcCH,22050,0.647,0.822,5,-4.662,0,0.183,0.219,0,0.0908,0.962,160.019,232.72,4,Pop
Beautiful Mistakes (feat. Megan Thee Stallion),Maroon 5,5zFglKYiknIxks8geR8rcL,22050,0.713,0.676,10,-5.483,1,0.027,0.0377,0,0.154,0.721,99.048,227.395,4,Pop
Heat Waves,Glass Animals,3USxtqRwSYz57Ewm6wWRMp,22050,0.761,0.525,11,-6.9,1,0.0944,0.44,6.7e-06,0.0921,0.531,80.87,238.805,4,Pop
Radioactive,Imagine Dragons,4G8gkOterJn0Ywt6uhqbhp,22050,0.448,0.784,9,-3.686,1,0.0627,0.106,0.000108,0.668,0.236,136.245,186.813,4,Pop
Shallow,Lady Gaga,2VxeLyX666F8uXCJ0dZF8B,22050,0.572,0.385,7,-6.362,1,0.0308,0.371,0,0.231,0.323,95.799,215.733,4,Pop
Someone Like You,Adele,1zwMYTA5nlNjZxYrvBB2pV,22050,0.556,0.319,9,-8.251,1,0.0281,0.893,0,0.0996,0.294,135.187,285.24,4,Pop
All of Me,John Legend,3U4isOIWM3VvDubwSI3y7a,22050,0.422,0.264,8,-7.064,1,0.0322,0.922,0,0.132,0.331,119.93,269.56,4,Pop
Love Yourself,Justin Bieber,50kpGaPAhYJ3sGmk6vplg0,22050,0.609,0.378,4,-9.828,1,0.438,0.835,0,0.28,0.515,100.418,233.72,4,Pop
Counting Stars,OneRepublic,6sy3LkhNFjJWlaeSMNwQ62,22050,0.664,0.705,1,-4.972,0,0.0382,0.0654,0,0.115,0.477,122.017,257.84,4,Pop
STAY (with Justin Bieber),The Kid LAROI,5HCyWlXZPP0y6Gqq8TgA20,22050,0.591,0.764,1,-5.484,1,0.0483,0.0383,0,0.103,0.478,169.928,141.806,4,Pop
No More Tears,Ozzy Osbourne,7w6PJe5KBPyvuRYxFkPssC,22050,0.346,0.749,6,-6.506,1,0.035,0.00167,8.86e-05,0.648,0.315,102.591,443.24,4,Pop
We Found Love,Rihanna,6qn9YLKt13AGvpq9jfO8py,22050,0.734,0.766,1,-4.485,1,0.0383,0.025,0.00138,0.108,0.6,127.986,215.227,4,Pop
Stay With Me,Sam Smith,5Nm9ERjJZ5oyfXZTECKmRt,22050,0.418,0.42,0,-6.444,1,0.0414,0.588,6.39e-05,0.11,0.184,84.094,172.724,4,Pop
Roar,Katy Perry,27tNWlhdAryQY04Gb2ZhUI,22050,0.671,0.771,7,-4.821,0,0.0316,0.00492,7.28e-06,0.354,0.436,90.003,223.546,4,Pop
Sugar,Maroon 5,2iuZJX9X9P0GKaE93xcPjk,22050,0.748,0.788,1,-7.055,1,0.0334,0.0591,0,0.0863,0.884,120.076,235.493,4,Pop
bad guy,Billie Eilish,2Fxmhks0bxGSBdJ92vM42m,22050,0.701,0.425,7,-10.965,1,0.375,0.328,0.13,0.1,0.562,135.128,194.088,4,Pop
Shake It Off,Taylor Swift,5xTtaWoae3wi06K5WfVUUH,22050,0.647,0.785,7,-5.414,1,0.165,0.0561,0,0.148,0.943,160.015,219.2,4,Pop
Cheap Thrills,Sia,3S4px9f4lceWdKf0gWciFu,22050,0.628,0.698,6,-5.608,0,0.105,0.0472,0.00143,0.0907,0.732,89.976,211.667,4,Pop
Girls Like You,Maroon 5,3j36w2RY7uyBFWkcG8MKmB,22050,0.728,0.448,0,-7.508,1,0.0541,0.6,1.11e-06,0.131,0.385,62.526,214.425,4,Pop
Rolling In The Deep - Recorded At Spotify Studios NYC,Greta Van Fleet,2VprRdTmbgyjXnDzHIcfNl,22050,0.614,0.474,11,-10.133,0,0.0264,0.00563,0.00285,0.1,0.388,104.987,237.653,4,Pop
That's What I Like,Bruno Mars,0KKkJNfGyhkQ5aFogxQAPU,22050,0.853,0.56,1,-4.961,1,0.0406,0.013,0,0.0944,0.86,134.066,206.693,4,Pop
Classic,MKTO,6FE2iI43OZnszFLuLtvvmg,22050,0.72,0.791,1,-4.689,1,0.124,0.0384,0,0.157,0.756,102.071,175.427,4,Pop
Love You Like a Love Song (Selena Gomez & The Scene Remake),The Cover Girl,75eCTceVGZRh2mPSCZFzC6,22050,0.779,0.614,1,-6.294,0,0.0406,0.0499,0,0.139,0.932,117.025,187.611,4,Pop
Just Dance,Lady Gaga,2x7MyWybabEz6Y6wvHuwGE,22050,0.822,0.739,1,-4.541,0,0.0311,0.0264,4.26e-05,0.181,0.745,118.992,241.933,4,Pop
Disturbia,Rihanna,2VOomzT6VavJOGBeySqaMc,22050,0.707,0.813,11,-4.515,0,0.0571,0.0863,0,0.168,0.722,124.921,238.627,4,Pop
Call Me Maybe,Carly Rae Jepsen,3TGRqZ0a2l1LRblBkJoaDx,22050,0.783,0.58,7,-6.548,1,0.0408,0.0114,2.28e-06,0.108,0.66,120.021,193.4,4,Pop
Bleeding Love,Leona Lewis,7wZUrN8oemZfsEd1CGkbXE,22050,0.638,0.656,5,-5.886,1,0.0357,0.188,0,0.146,0.225,104.036,262.467,4,Pop
Bang Bang,Jessie J,0puf9yIluy9W0vpMEUoAnN,22050,0.706,0.786,0,-3.417,0,0.091,0.26,0,0.38,0.751,150.028,199.387,4,Pop
Attention,Charlie Puth,5cF0dROlMOK5uNZtivgu50,22050,0.775,0.613,3,-4.586,0,0.0542,0.109,2.33e-05,0.134,0.797,100.066,208.787,4,Pop
Paradise,Coldplay,6nek1Nin9q48AVZcWs9e9D,22050,0.449,0.585,5,-6.761,1,0.0268,0.0509,8.75e-05,0.0833,0.212,139.631,278.719,4,Pop
Tonight Tonight,Hot Chelle Rae,2i0AUcEnsDm3dsqLrFWUCq,22050,0.686,0.783,4,-4.977,1,0.119,0.0764,0,0.163,0.814,99.978,200.467,4,Pop
Dynamite,Taio Cruz,2CEgGE6aESpnmtfiZwYlbV,22050,0.751,0.783,4,-3.724,1,0.0859,0.00379,0,0.036,0.816,119.975,202.613,4,Pop
Cooler Than Me - Single Mix,Mike Posner,2V4bv1fNWfTcyRJKmej6Sj,22050,0.768,0.82,7,-4.63,0,0.0474,0.179,0,0.689,0.625,129.965,213.293,4,Pop
Royals,Lorde,2dLLR6qlu5UJ5gk0dKz0h3,22050,0.674,0.428,7,-9.504,1,0.122,0.121,0,0.132,0.337,84.878,190.185,4,Pop
See You Again (feat. Charlie Puth),Wiz Khalifa,2JzZzZUQj3Qff7wapcbKjc,22050,0.689,0.481,10,-7.503,1,0.0815,0.369,1.03e-06,0.0649,0.283,80.025,229.526,4,Pop
Forget You,CeeLo Green,7AqISujIaWcY3h5zrOqt5v,22050,0.696,0.875,0,-3.682,1,0.0649,0.134,0,0.159,0.772,127.39,222.733,4,Pop
Let Her Go,Passenger,1KxwZYyzWNyZSRyErj2ojT,22050,0.479,0.545,7,-7.346,1,0.0688,0.365,0,0.0963,0.243,74.897,252.733,4,Pop
I Won't Give Up,Jason Mraz,53QF56cjZA9RTuuMZDrSA6,22050,0.483,0.303,4,-10.058,1,0.0429,0.694,0,0.115,0.139,133.406,240.166,3,Pop
Fireflies,Owl City,3DamFFqW32WihKkTVlwTYQ,22050,0.512,0.662,3,-6.797,1,0.0439,0.0275,0,0.118,0.472,180.114,228.347,4,Pop
Wrecking Ball,Miley Cyrus,2vwlzO0Qp8kfEtzTsCXfyE,22050,0.53,0.422,5,-6.262,1,0.0342,0.407,0,0.107,0.349,119.964,221.36,4,Pop
Somebody That I Used To Know,Gotye,4wCmqSrbyCgxEXROQE6vtV,22050,0.864,0.495,0,-7.036,1,0.037,0.591,0.000133,0.0992,0.72,129.062,244.973,4,Pop
Do It and Done,Pressure Busspipe,7JgniHNbsUfldSTPZSxxBr,22050,0.812,0.904,0,-4.763,1,0.0752,0.0383,4.35e-05,0.0744,0.959,105.96,202.832,4,Reggae
Kingston Town,Alborosie,2OHQhOiGIYaXqqJVIMpNrF,22050,0.788,0.773,9,-5.272,0,0.099,0.0381,0,0.35,0.584,73.978,192.4,4,Reggae
Here Comes Trouble,Chronixx,5Wwr2S7QZTR5PVJn6jhgdk,22050,0.758,0.786,4,-4.897,0,0.108,0.156,0,0.0658,0.786,83.495,234.587,4,Reggae
Thank You Mama,Sizzla,1t0R7RNi7CbjTohe4Krhm0,22050,0.555,0.484,7,-8.322,1,0.29,0.133,1.22e-06,0.134,0.421,140.739,272.067,4,Reggae
Welcome To Jamrock,Damian Marley,22AbXxQbMdVqEz7xJjhccG,22050,0.836,0.661,7,-6.502,0,0.338,0.0208,0,0.449,0.753,76.71,213.2,4,Reggae
What One Dance Can Do,Beres Hammond,53RBKpfi5AqQKEvjEU55i1,22050,0.805,0.657,0,-7.067,1,0.0652,0.0329,0,0.0965,0.53,89.946,252.147,4,Reggae
Blackheart Man,Bunny Wailer,7fgP2On62xpLGVNMYORvjn,22050,0.791,0.39,2,-15.474,1,0.451,0.457,0.0237,0.402,0.809,147.605,381.827,4,Reggae
Redemption Song,Bob Marley & The Wailers,26PwuMotZqcczKLHi4Htz3,22050,0.671,0.256,7,-10.743,1,0.0387,0.608,0,0.0737,0.694,115.871,233.56,4,Reggae
Is This Love,Bob Marley & The Wailers,6JRLFiX9NJSoRRKxowlBYr,22050,0.776,0.559,6,-8.375,0,0.103,0.11,0,0.0671,0.758,122.242,232.2,4,Reggae
Three Little Birds,Bob Marley & The Wailers,75FYqcxt1YEAtqDLrOeIJn,22050,0.826,0.49,9,-10.477,1,0.0676,0.00916,4.41e-06,0.0415,0.627,74.126,180.267,4,Reggae
Stir It Up,Bob Marley & The Wailers,3sqZDdEO5viqNqMCNem5m5,22050,0.76,0.462,9,-11.003,1,0.103,0.621,0.32,0.0758,0.905,146.655,332.4,4,Reggae
Jamming,Bob Marley & The Wailers,5LyfiK6iXEIBNEtcaGKohl,22050,0.935,0.479,11,-10.981,0,0.306,0.107,5.25e-05,0.118,0.773,123.644,211.0,4,Reggae
Buffalo Soldier,Bob Marley & The Wailers,7BfW1eoDh27W69nxsmRicb,22050,0.929,0.463,9,-8.651,1,0.308,0.142,5.26e-06,0.0634,0.757,124.084,255.84,4,Reggae
Could You Be Loved,Bob Marley & The Wailers,5O4erNlJ74PIF6kGol1ZrC,22050,0.916,0.72,0,-8.548,1,0.1,0.36,0.00016,0.0958,0.76,103.312,237.0,4,Reggae
Waiting In Vain,Bob Marley & The Wailers,58Zt987fK6gWxtO0MwEzPn,22050,0.772,0.46,8,-11.489,1,0.327,0.0279,2.21e-05,0.0633,0.8,78.786,256.24,4,Reggae
"Get Up, Stand Up",Bob Marley & The Wailers,4hLATN2VtjiJ6jLm6V47x1,22050,0.772,0.501,10,-9.56,1,0.421,0.163,0,0.0725,0.771,77.882,197.84,4,Reggae
I Shot The Sheriff - Live At The Roxy,Bob Marley & The Wailers,7HrXkDaGGJ7U5ZmFfFugdD,22050,0.727,0.795,6,-5.226,0,0.115,0.533,0.000105,0.71,0.772,139.57,393.48,4,Reggae
"Roots, Rock, Reggae",Bob Marley & The Wailers,1ATZfYmZOcm24vl5oQtPdC,22050,0.855,0.473,11,-9.846,0,0.146,0.0719,2.71e-05,0.0795,0.682,139.175,218.4,4,Reggae
Sweat (A La La La La Long),Inner Circle,1SssFw74DdHVjRa6ADggdD,22050,0.787,0.728,0,-7.705,1,0.218,0.0124,0,0.157,0.94,173.026,227.067,4,Reggae
Night Nurse,Gregory Isaacs,4DQttwipnILl88cru3BRZx,22050,0.824,0.366,7,-10.96,1,0.145,0.039,0.106,0.0403,0.895,73.949,249.533,4,Reggae
Here Comes the Hotstepper - Heartical Mix,Ini Kamoze,3QRM0qZB7oMYavveH0iEqx,22050,0.889,0.454,4,-8.598,0,0.221,0.0141,0.000186,0.203,0.436,100.36,250.467,4,Reggae
Legalize It,Peter Tosh,73lYI49LhfsscO33ohrGN0,22050,0.71,0.589,0,-11.933,1,0.167,0.068,4.38e-06,0.176,0.65,144.601,279.36,4,Reggae
54-46 (That's My Number),Toots & The Maytals,3mqktr2zCP24NeXzVY0vhe,22050,0.807,0.347,0,-10.268,1,0.236,0.688,0,0.469,0.649,78.916,206.613,4,Reggae
Rivers of Babylon,Boney M.,78His8pbKjbDQF7aX5asgv,22050,0.729,0.851,7,-7.033,1,0.0362,0.13,0.000912,0.443,0.741,115.118,261.267,4,Reggae
Satta Massagana,The Abyssinians,6JXQ7fWGFKB6DgiCCSLcXO,22050,0.501,0.407,9,-13.142,0,0.305,0.252,0.000342,0.128,0.722,77.152,209.427,4,Reggae
Bam Bam,Sister Nancy,7ixiCZEHWHc8FxaQXQh2P4,22050,0.722,0.605,5,-6.07,1,0.153,0.825,0.0178,0.248,0.709,165.998,196.507,4,Reggae
Oh Carolina,Shaggy,7MjTPvXSAYB1NyzXLQKsMn,22050,0.849,0.832,0,-7.83,1,0.128,0.485,0,0.343,0.939,124.558,190.893,4,Reggae
Pressure Drop,Toots & The Maytals,2EISedV2npKMtvygkykV2r,22050,0.653,0.459,8,-12.18,1,0.0369,0.603,0,0.0536,0.986,146.296,176.693,4,Reggae
Israelites,Desmond Dekker & The Aces,5U1GMgbXXM5eLvKUDnvqNS,22050,0.709,0.5,10,-8.59,1,0.0488,0.812,1.88e-06,0.0915,0.973,73.359,157.693,4,Reggae
Uptown Top Ranking - Remastered 2001,Althea And Donna,34zWZOSpU2V1ab0PiZCcv4,22050,0.886,0.522,7,-7.971,1,0.173,0.0477,0.00108,0.207,0.79,82.439,229.16,4,Reggae
Simmer Down,The Wailers,0H4ArrRjPizlpcy5U60kBB,22050,0.765,0.578,10,-8.237,1,0.0401,0.231,0,0.321,0.972,123.664,170.133,4,Reggae
"Cherry, Oh Baby",Eric Donaldson,16GZtB4Ni2oM6wvOB3dxBA,22050,0.847,0.0986,0,-15.952,1,0.17,0.47,0.000205,0.123,0.742,147.39,172.973,4,Reggae
Police & Thieves,Junior Murvin,2XsW8N3mMRD5blv4KGNHq6,22050,0.932,0.359,11,-12.958,0,0.0944,0.0597,0,0.136,0.906,127.153,244.11,4,Reggae
The Harder They Come,Jimmy Cliff,2XIr0KTybGQsC1SFfeaZhI,22050,0.679,0.575,1,-8.037,1,0.0715,0.634,0,0.165,0.79,102.588,219.907,4,Reggae
Marcus Garvey,Burning Spear,30ELPvO4DH57Rq2kgj7a8e,22050,0.7,0.473,7,-9.893,0,0.0687,0.129,0.000891,0.0452,0.578,91.558,207.0,4,Reggae
Johnny Too Bad,The Slickers,5BftfJXqAWNRkgxASelSrd,22050,0.764,0.606,7,-8.754,1,0.155,0.106,0.179,0.267,0.717,165.795,183.2,4,Reggae
Small Axe - B Is Version,Bob Marley & The Wailers,1wiWYjD3Op1yFoWuZR1CXH,22050,0.669,0.537,9,-8.051,1,0.117,0.43,1.8e-06,0.132,0.528,89.969,263.173,4,Reggae
Natty Dread,Bob Marley & The Wailers,2fvi4GCSJn9XYdYrLGLX5f,22050,0.773,0.439,9,-9.778,1,0.327,0.424,0.000126,0.0464,0.847,88.364,215.667,4,Reggae
The Ghost (Marcus Garvey),Burning Spear,55IC1RFV1gzDSPMgcGZ9AJ,22050,0.712,0.411,9,-12.274,0,0.115,0.00257,0.855,0.0702,0.421,93.237,236.08,4,Reggae
Pass The Dutchie,Musical Youth,1BkY0N8ChFk2mdLbAUu8ZK,22050,0.805,0.418,7,-14.374,1,0.0979,0.459,0,0.288,0.966,149.724,205.427,4,Reggae
Mad Over You,Runtown,1jloWdvMh9nwHUu3mag8CL,22050,0.842,0.548,4,-5.209,0,0.0477,0.437,8.34e-05,0.109,0.811,107.044,216.059,4,Reggae
Kingston Town,UB40,3e7yziCpnpx2ujgvXqSLzp,22050,0.956,0.254,8,-13.264,1,0.0551,0.156,0.0362,0.0362,0.8,102.071,228.293,4,Reggae
"Wonderful World, Beautiful People - Single Version",Jimmy Cliff,7vCEPLGrLHqBHyRPPsweYY,22050,0.782,0.386,2,-15.443,1,0.0302,0.0184,0,0.0525,0.904,105.849,195.558,4,Reggae
Funky Kingston,Toots & The Maytals,26WPI2aksB9XdqmeLfca5z,22050,0.777,0.458,11,-12.358,1,0.0841,0.265,0.00295,0.0423,0.961,99.05,295.667,4,Reggae
One Drop,Bob Marley & The Wailers,3Ui4BMHapr00Iul1kB7lHC,22050,0.901,0.478,0,-7.39,1,0.237,0.12,1.05e-05,0.165,0.828,121.244,231.773,4,Reggae
Nah Let Go,Gyptian,0cJiOFuB3zftGKDRE0UhYf,22050,0.681,0.701,1,-5.993,1,0.0298,0.0987,1.25e-06,0.3,0.606,98.012,200.653,4,Reggae
Lost Mi Love,Yellowman,5dvG16Ma80h9FZ1sQq5Sb1,22050,0.841,0.669,10,-7.536,0,0.106,0.0516,0,0.163,0.919,147.992,310.733,4,Reggae
Telephone Love (Deh Pon Mi Mind) [feat. J.C. Lodge],Shabba Ranks,0zRCaGtfmJ1GLXWME7ENtE,22050,0.85,0.41,7,-12.913,1,0.177,0.0492,0,0.339,0.576,82.601,376.493,4,Reggae
Better Must Come,Delroy Wilson,34nNIDXjXDkaSghgY8XJTF,22050,0.715,0.578,9,-7.54,1,0.102,0.00354,9.59e-05,0.301,0.918,74.349,163.92,4,Reggae
"Pitta, Patta",Ernie Smith,0PIP0wXOgtwyX0qyR7yRdQ,22050,0.614,0.456,10,-16.318,1,0.172,0.664,0.0631,0.0701,0.964,169.14,201.24,4,Reggae
Sweet Child O' Mine,Guns N' Roses,7snQQk1zcKl8gZ92AnueZW,22050,0.446,0.952,6,-5.321,1,0.0523,0.0901,0.0857,0.112,0.624,125.303,356.067,4,Rock
Back In Black,AC/DC,08mG3Y1vljYA6bvDt4Wqkj,22050,0.31,0.7,9,-5.678,1,0.047,0.011,0.00965,0.0828,0.763,188.386,255.493,4,Rock
Stairway to Heaven - Remaster,Led Zeppelin,5CQ30WqJwcep0pYcV4AMNc,22050,0.338,0.34,9,-12.049,0,0.0339,0.58,0.0032,0.116,0.197,82.433,482.83,4,Rock
Hotel California - 2013 Remaster,Eagles,40riOy7x9W7GXjyGp4pjAv,22050,0.579,0.508,2,-9.484,1,0.027,0.00574,0.000494,0.0575,0.609,147.125,391.376,4,Rock
Don't Stop Believin',Journey,4bHsxqR3GMrXTxEPLuK5ue,22050,0.5,0.748,4,-9.072,1,0.0363,0.127,0,0.447,0.514,118.852,250.987,4,Rock
Livin' On A Prayer,Bon Jovi,37ZJ0p5Jm13JPevGcx4SkF,22050,0.532,0.887,0,-3.757,1,0.0335,0.0778,0.000214,0.294,0.795,122.511,249.293,4,Rock
Dream On,Aerosmith,1xsYj84j7hUDDnTTerGWlH,22050,0.392,0.476,1,-7.583,1,0.0249,0.397,0.000163,0.309,0.234,78.031,267.597,4,Rock
Crazy Train,Ozzy Osbourne,7ACxUo21jtTHzy7ZEV56vU,22050,0.454,0.913,9,-4.008,1,0.107,0.408,0.000271,0.248,0.521,137.688,293.183,4,Rock
Sweet Home Alabama,Lynyrd Skynyrd,7e89621JPkKaeDSTQ3avtg,22050,0.596,0.605,7,-12.145,1,0.0255,0.181,0.000331,0.0863,0.886,97.798,283.8,4,Rock
More Than a Feeling,Boston,1QEEqeFIZktqIpPI4jSVSF,22050,0.377,0.681,7,-8.039,1,0.0298,0.00088,0.0023,0.0504,0.285,108.789,285.133,4,Rock
Jump - 2015 Remaster,Van Halen,7N3PAbqfTjSEU1edb2tY8j,22050,0.572,0.835,0,-6.219,1,0.0317,0.171,0.000377,0.0702,0.795,129.981,241.6,4,Rock
Paradise City,Guns N' Roses,6eN1f9KNmiWEhpE2RhQqB5,22050,0.268,0.98,11,-5.958,1,0.103,0.0192,0.00709,0.182,0.395,100.315,405.6,4,Rock
Black Dog - Remaster,Led Zeppelin,3qT4bUD1MaWpGrTwcvguhb,22050,0.437,0.864,4,-7.842,0,0.0904,0.396,0.0314,0.242,0.749,81.394,295.387,4,Rock
The Chain - 2004 Remaster,Fleetwood Mac,5e9TFTbltYBg2xThimr0rU,22050,0.545,0.67,9,-8.81,1,0.0496,0.009,0.000822,0.0451,0.481,151.553,270.213,4,Rock
We Will Rock You - Remastered 2011,Queen,54flyrjcdnQdco7300avMJ,22050,0.693,0.497,2,-7.316,1,0.119,0.679,0,0.258,0.473,81.308,122.067,4,Rock
Born to Run,Bruce Springsteen,6hTcuIQa0sxrrByu9wTD7s,22050,0.27,0.944,4,-4.199,1,0.0975,0.00501,2.05e-05,0.116,0.606,146.347,269.92,4,Rock
Pour Some Sugar On Me - Remastered 2017,Def Leppard,0PdM2a6oIjqepoEfcJo0RO,22050,0.267,0.953,1,-4.899,0,0.096,0.00211,0,0.283,0.568,84.989,267.307,4,Rock
Eye of the Tiger,Survivor,2HHtWyy5CgaQbC7XSoOb0e,22050,0.815,0.438,0,-14.522,0,0.0346,0.216,0.000466,0.0787,0.552,108.965,243.773,4,Rock
You Give Love A Bad Name,Bon Jovi,0rmGAIH9LNJewFw7nKzZnc,22050,0.541,0.96,0,-2.947,0,0.0505,0.0663,2.25e-06,0.344,0.812,122.803,222.707,4,Rock
(Don't Fear) The Reaper,Blue Öyster Cult,5QTxFnGygVM4jFQiBovmRo,22050,0.333,0.927,9,-8.55,0,0.0733,0.0029,0.000208,0.297,0.385,141.466,308.12,4,Rock
Whole Lotta Love - 1990 Remaster,Led Zeppelin,0hCB0YR03f6AmQaHbwWDe8,22050,0.412,0.902,9,-11.6,1,0.405,0.0484,0.131,0.405,0.422,89.74,333.893,4,Rock
Thunderstruck,AC/DC,57bgtoPSgt236HzfBOd8kj,22050,0.502,0.89,4,-5.175,1,0.0364,0.000147,0.0117,0.217,0.259,133.52,292.88,4,Rock
November Rain,Guns N' Roses,3YRCqOhFifThpSRFJ1VWFM,22050,0.294,0.641,11,-9.316,1,0.0291,0.0163,0.22,0.112,0.226,79.759,536.067,4,Rock
Every Breath You Take,The Police,1JSTJqkT5qHq8MDJnJbRE1,22050,0.82,0.452,1,-9.796,1,0.0348,0.543,0.00294,0.0714,0.74,117.401,253.92,4,Rock
All Along the Watchtower,Jimi Hendrix,2aoo2jlRnM3A0NyLQqMN2f,22050,0.438,0.805,8,-6.237,1,0.0624,0.00255,5.69e-05,0.0842,0.564,113.253,240.8,4,Rock
Living After Midnight,Judas Priest,0IXpUl1fn2QZcBavfuq0H4,22050,0.61,0.824,4,-6.046,1,0.0534,0.0136,1.75e-06,0.0606,0.819,134.992,210.133,4,Rock
Runnin' with the Devil - 2015 Remaster,Van Halen,3KhF2YiNpJvGpfiCW45R6D,22050,0.472,0.9,8,-6.406,0,0.0582,0.148,0.000297,0.34,0.42,95.826,214.96,4,Rock
Proud Mary,Creedence Clearwater Revival,6pxWv6GV35VGmcPf5dh6CH,22050,0.699,0.641,2,-7.564,1,0.0289,0.13,0.000218,0.0601,0.728,120.745,187.213,4,Rock
Comfortably Numb,Pink Floyd,5HNCy40Ni5BZJFw1TKzRsC,22050,0.472,0.366,11,-12.595,0,0.0286,0.15,0.312,0.0837,0.171,127.163,382.297,4,Rock
Everybody Wants Some!! - 2015 Remaster,Van Halen,5TnzOUFWoZHUEtOWlxrIlY,22050,0.528,0.769,8,-8.413,1,0.0469,0.0506,0.029,0.111,0.48,144.84,306.05,4,Rock
Smoke on the Water (45 Version),Deep Purple,01tFpbYAKvX1x1msvTstC7,22050,0.682,0.45,0,-15.978,1,0.0321,0.27,0.213,0.183,0.829,114.123,231.307,4,Rock
Walk This Way,Aerosmith,4JfuiOWlWCkjP6OKurHjSn,22050,0.653,0.73,5,-10.613,1,0.0429,0.0115,1.02e-05,0.0776,0.894,108.709,220.311,4,Rock
Enter Sandman (Remastered),Metallica,3VqHuw0wFlIHcIPWkhIbdQ,22050,0.566,0.834,6,-8.412,0,0.0298,0.00277,0.008,0.0625,0.621,123.296,331.56,4,Rock
Can't Stop,Red Hot Chili Peppers,3ZOEytgrvLwQaqXreDs2Jx,22050,0.618,0.938,9,-3.442,1,0.0456,0.0179,0,0.167,0.875,91.455,269.0,4,Rock
Kashmir - Remaster,Led Zeppelin,6Vjk8MNXpQpi0F4BefdTyq,22050,0.483,0.615,2,-8.538,1,0.0497,0.452,0.000414,0.0512,0.594,80.576,517.125,3,Rock
Free Bird,Lynyrd Skynyrd,5EWPGh7jbTNO2wakv8LjUI,22050,0.249,0.834,0,-8.21,1,0.0577,0.0738,9.48e-05,0.0924,0.338,118.223,547.107,4,Rock
Purple Haze,Jimi Hendrix,0wJoRiX5K5BxlqZTolB2LD,22050,0.533,0.905,2,-5.27,1,0.0754,0.00876,0.578,0.0698,0.486,108.9,170.813,4,Rock
Dancing In the Dark,Bruce Springsteen,7FwBtcecmlpc1sLySPXeGE,22050,0.527,0.942,1,-5.64,0,0.0366,0.0115,0,0.188,0.495,148.723,241.307,4,Rock
Satisfaction - Live,The Rolling Stones,6oM2I8fqyXxIRaZVJ7qPRg,22050,0.256,0.979,9,-4.472,1,0.0906,0.5,0.309,0.969,0.24,142.464,371.133,4,Rock
Bohemian Rhapsody - Remastered 2011,Queen,7tFiyTwD0nx5a1eklYtX2J,22050,0.392,0.402,0,-9.961,0,0.0536,0.288,0,0.243,0.228,143.883,354.32,4,Rock
Like a Rolling Stone,Bob Dylan,3AhXZa8sUQht0UEdBJgpGc,22050,0.482,0.721,0,-6.839,1,0.0321,0.731,0,0.189,0.557,95.263,369.6,4,Rock
Smells Like Teen Spirit,Nirvana,5ghIJDpPoe3CfHMGu71E6T,22050,0.502,0.912,1,-4.556,1,0.0564,2.55e-05,0.000173,0.106,0.72,116.761,301.92,4,Rock
Johnny B. Goode,Chuck Berry,2QfiRTz5Yc8DdShCxG1tB2,22050,0.534,0.803,10,-9.129,1,0.0743,0.741,6.07e-05,0.307,0.969,167.983,161.56,4,Rock
Strawberry Fields Forever - Remastered 2009,The Beatles,3Am0IbOxmvlSXro7N5iSfZ,22050,0.39,0.502,10,-12.277,1,0.178,0.336,0.000138,0.0713,0.289,97.871,247.32,4,Rock
Rock You Like A Hurricane,Scorpions,58XWGx7KNNkKneHdprcprX,22050,0.482,0.617,4,-12.931,0,0.0458,0.00543,0.000146,0.284,0.718,125.697,252.493,4,Rock
You Shook Me All Night Long,AC/DC,2SiXAy7TuUkycRVbbWDEpo,22050,0.532,0.767,7,-5.509,1,0.0574,0.00287,0.000513,0.39,0.755,127.361,210.173,4,Rock
Here Comes The Sun - Remastered 2009,The Beatles,6dGnYIeXmHdcikdzNNDMm2,22050,0.557,0.54,9,-10.484,1,0.0347,0.0339,0.00248,0.179,0.394,129.171,185.733,4,Rock
Free Fallin',Tom Petty,5tVA6TkbaAH9QMITTQRrNv,22050,0.623,0.449,5,-13.333,1,0.0253,0.212,0,0.0613,0.572,84.383,256.0,4,Rock
Wonderwall - Remastered,Oasis,7ygpwy2qP3NbrxVkHvUhXY,22050,0.375,0.893,2,-4.097,1,0.0406,0.000509,0,0.187,0.434,174.323,258.773,4,Rock
Africa,TOTO,2374M0fQpWi3dLnB54qaLX,22050,0.671,0.373,9,-18.064,1,0.0323,0.257,8.01e-05,0.0481,0.732,92.718,295.893,4,Rock
